id,observed_on_string,observed_on,time_observed_at,time_zone,user_id,user_login,user_name,created_at,updated_at,quality_grade,license,url,image_url,sound_url,tag_list,description,num_identification_agreements,num_identification_disagreements,captive_cultivated,oauth_application_id,place_guess,latitude,longitude,positional_accuracy,private_place_guess,private_latitude,private_longitude,public_positional_accuracy,geoprivacy,taxon_geoprivacy,coordinates_obscured,positioning_method,positioning_device,species_guess,scientific_name,common_name,iconic_taxon_name,taxon_id
11090729,2016-03-04 3:12:12 p.m. GMT-03:00,04-03-16,2016-03-04 12:12:12 UTC,Baghdad,852584,claudio40,Claudio De Oliveira,2018-04-18 00:56:09 UTC,2023-03-25 21:33:53 UTC,research,,https://www.inaturalist.org/observations/11090729,https://static.inaturalist.org/photos/15663044/medium.jpeg,,,,5,1,false,2,"Alto Paraíso de Goiás, BR-GO, BR",-14.15705631,-47.46202821,52,,,,30981,,obscured,true,,,Discocactus catingicola,Discocactus catingicola,,Plantae,191671
12266762,2010/03/24 12:03 PM UTC,24-03-10,2010-03-24 12:03:00 UTC,UTC,824095,diogoloretto,Diogo Loretto,2018-05-08 15:53:42 UTC,2023-04-08 18:09:38 UTC,research,CC-BY-NC,https://www.inaturalist.org/observations/12266762,https://static.inaturalist.org/photos/17639521/medium.jpeg,,,,3,0,false,,"Tocantins, BR",-7.874434169,-48.25406522,122,,,,31302,,obscured,true,,,Cereus mirabella,Cereus mirabella,Mandacaru-de-Mirabela,Plantae,190472
14012333,14-05-17 11:23,14-05-17,,Brasilia,157358,andre_menegotto,André Menegotto,2018-07-03 15:12:20 UTC,2021-02-28 20:35:26 UTC,research,CC-BY-NC,https://www.inaturalist.org/observations/14012333,https://inaturalist-open-data.s3.amazonaws.com/photos/20727285/medium.jpg,,,,3,0,false,,"Pirenópolis - GO, Brasil",-15.84197851,-48.90642693,5,,,,5,,open,false,,,Pilosocereus vilaboensis,Pilosocereus vilaboensis,Facheiro-amarelo,Plantae,442118
25266150,2014/08/10 1:14 PM PDT,10-08-14,2014-08-10 20:14:00 UTC,Pacific Time (US & Canada),536,virusmanbob,Robert Siegel,2019-05-17 16:05:47 UTC,2023-04-02 10:15:43 UTC,research,,https://www.inaturalist.org/observations/25266150,https://static.inaturalist.org/photos/39115715/medium.jpg,,,,3,0,false,,"Chapada dos Guimarães - State of Mato Grosso, Brazil",-15.4639898,-55.749869,138283,,,,138283,,open,false,,,Arthrocereus spinosissimus,Arthrocereus spinosissimus,Mandacarim-espinhoso,Plantae,437302
28748682,2019-07-13 12:18:24 PM GMT-03:00,13-07-19,2019-07-13 15:18:24 UTC,Brasilia,769192,laurentfloresta,Laurent Quéno,2019-07-13 19:12:11 UTC,2021-02-28 20:31:38 UTC,research,,https://www.inaturalist.org/observations/28748682,https://static.inaturalist.org/photos/44833819/medium.jpeg,,,,3,0,false,2,"Pirineus, Pirineus, Cocalzinho de Goiás, BR-GO, BR",-15.80351626,-48.83782008,10,,,,10,,open,false,,,Pilosocereus vilaboensis,Pilosocereus vilaboensis,Facheiro-amarelo,Plantae,442118
30865526,Sat Aug 03 2019 20:49:55 GMT+0200 (GMT+2),03-08-19,2019-08-03 18:49:55 UTC,Africa/Johannesburg,1180078,cdonner,,2019-08-15 11:49:17 UTC,2021-02-28 20:31:16 UTC,research,,https://www.inaturalist.org/observations/30865526,https://static.inaturalist.org/photos/48250007/medium.jpg,,,,3,0,false,3,"72980-000, Pirenópolis, GO, BR",-15.805475,-48.87601167,88,,,,88,,open,false,,,Pilosocereus vilaboensis,Pilosocereus vilaboensis,Facheiro-amarelo,Plantae,442118
32076804,10-07-19 15:00,10-07-19,2019-07-10 18:00:00 UTC,Brasilia,1667539,marcia_martins,Márcia Cristina Martins da Silva,2019-09-03 22:19:54 UTC,2022-10-02 17:47:13 UTC,research,CC-BY,https://www.inaturalist.org/observations/32076804,https://static.inaturalist.org/photos/50273450/medium.jpeg,,,,2,0,false,,"Delfinópolis, MG, 37910-000, Brasil",-20.34381227,-46.63090377,10052,,,,10052,,open,false,,,Pilosocereus machrisii,Pilosocereus machrisii,Facheiro-do-cerrado,Plantae,442103
35630929,2019-09-15 10:44:19 AM GMT-03:00,15-09-19,2019-09-15 13:44:19 UTC,Brasilia,2399177,mattheusmota,Mattheus Mota,2019-11-13 03:10:50 UTC,2021-02-28 20:31:06 UTC,research,CC-BY-NC,https://www.inaturalist.org/observations/35630929,https://inaturalist-open-data.s3.amazonaws.com/photos/56203761/medium.jpeg,,,,4,0,false,2,"Planaltina - GO, Brasil",-15.12863659,-47.75792141,526,,,,526,,open,false,gps,gps,Cereus jamacaru calcirupicola,Cereus jamacaru calcirupicola,Mandacaru-do-calcário,Plantae,418239
36114104,2006/10/27 2:38 PM BST,27-10-06,2006-10-27 12:38:00 UTC,London,762150,ripleyrm,Ruth Ripley,2019-11-26 23:37:01 UTC,2023-06-28 23:29:15 UTC,research,CC-BY-NC,https://www.inaturalist.org/observations/36114104,https://static.inaturalist.org/photos/57044758/medium.jpeg,,Discocactus,,4,1,false,,"Goiás, BR",-14.15054871,-47.90657922,5000,,,,30981,,obscured,true,,,Discocactus catingicola,Discocactus catingicola,,Plantae,191671
37459769,25-03-06 5:47,25-03-06,2006-03-25 08:47:00 UTC,Brasilia,2504781,marcondesoliveira,Marcondes Oliveira,2020-01-10 17:34:30 UTC,2021-08-10 13:38:59 UTC,research,CC-BY-NC,https://www.inaturalist.org/observations/37459769,https://inaturalist-open-data.s3.amazonaws.com/photos/59388337/medium.jpg,,,"Arbusto rupícola,  cerca de 50cm, de altura, estéril. Área de Caatinga.",2,0,false,,"São Desidério, BA, 47820-000, Brasil",-12.3576313,-44.9772871,1466,,,,1466,,open,false,,,Leocereus bahiensis,Leocereus bahiensis,Rabo-de-rato-da-bahia,Plantae,439568
37459770,25-03-06 8:08,25-03-06,2006-03-25 11:08:00 UTC,Brasilia,2504781,marcondesoliveira,Marcondes Oliveira,2020-01-10 17:34:30 UTC,2021-08-10 13:38:40 UTC,research,CC-BY-NC,https://www.inaturalist.org/observations/37459770,https://inaturalist-open-data.s3.amazonaws.com/photos/59388338/medium.jpg,,,"Arbusto rupícola,  cerca de 50cm, de altura, estéril. Área de Caatinga.",2,0,false,,"São Desidério, BA, 47820-000, Brasil",-12.3576313,-44.9772871,1466,,,,1466,,open,false,,,Leocereus bahiensis,Leocereus bahiensis,Rabo-de-rato-da-bahia,Plantae,439568
37459771,25-03-06 5:51,25-03-06,2006-03-25 08:51:00 UTC,Brasilia,2504781,marcondesoliveira,Marcondes Oliveira,2020-01-10 17:34:30 UTC,2021-12-07 14:36:56 UTC,research,CC-BY-NC,https://www.inaturalist.org/observations/37459771,https://inaturalist-open-data.s3.amazonaws.com/photos/59388339/medium.jpg,,,"Arbusto rupícola,  cerca de 50cm, de altura, estéril. Área de Caatinga.",2,0,false,,"São Desidério, BA, 47820-000, Brasil",-12.3576313,-44.9772871,1466,,,,1466,,open,false,,,Leocereus bahiensis,Leocereus bahiensis,Rabo-de-rato-da-bahia,Plantae,439568
37526717,2011/10/17 9:57 AM BST,17-10-11,2011-10-17 08:57:00 UTC,London,1113555,scaramouche,,2020-01-12 16:40:38 UTC,2022-10-08 13:07:31 UTC,research,CC-BY-NC,https://www.inaturalist.org/observations/37526717,https://inaturalist-open-data.s3.amazonaws.com/photos/59506909/medium.jpeg,,,,2,0,false,,"Minas Gerais, BR",-16.1453532,-45.27243855,2084,,,,30841,,obscured,true,,,Pilosocereus densiareolatus,Pilosocereus densiareolatus,Jamacaru-lanoso,Plantae,442092
37546207,23-05-19 12:38,23-05-19,2019-05-23 15:38:00 UTC,Brasilia,2497522,rafapsilva,Rafael Silva,2020-01-13 03:12:38 UTC,2023-03-17 02:04:11 UTC,research,CC-BY-NC,https://www.inaturalist.org/observations/37546207,https://inaturalist-open-data.s3.amazonaws.com/photos/59540842/medium.jpg,,,Travesseiro-de-sogra,1,0,false,,Rio Paranaíba,-19.1980407,-46.23686213,1467,,,,1467,,open,false,gps,gps,Discocactus catingicola,Discocactus catingicola,,Plantae,191671
37856454,24-01-19 11:50,24-01-19,2019-01-24 13:50:00 UTC,Mid-Atlantic,2498824,rdislich,Ricardo Dislich,2020-01-22 22:06:38 UTC,2021-01-05 02:23:48 UTC,research,CC-BY-NC,https://www.inaturalist.org/observations/37856454,https://inaturalist-open-data.s3.amazonaws.com/photos/60094919/medium.jpeg,,,,2,0,false,,"Pirenópolis - GO, Brasil",-15.806241,-48.918505,10,,,,10,,open,false,,,Pilosocereus vilaboensis,Pilosocereus vilaboensis,Facheiro-amarelo,Plantae,442118
37874176,13-07-18 13:10,13-07-18,2018-07-13 16:10:00 UTC,Brasilia,295246,fernandas,Fernanda Souza,2020-01-23 13:33:27 UTC,2023-02-24 22:00:47 UTC,research,,https://www.inaturalist.org/observations/37874176,https://static.inaturalist.org/photos/60124071/medium.jpeg,,,,4,1,false,,"Mateiros, BR-TO, BR",-10.45974643,-46.47356757,7813,,,,31189,,obscured,true,,,Discocactus catingicola,Discocactus catingicola,,Plantae,191671
38443052,2020-01-28 11:34:41 AM GMT-03:00,28-01-20,2020-01-28 14:34:41 UTC,Brasilia,2399177,mattheusmota,Mattheus Mota,2020-02-08 23:11:51 UTC,2023-03-25 12:09:43 UTC,research,CC-BY-NC,https://www.inaturalist.org/observations/38443052,https://inaturalist-open-data.s3.amazonaws.com/photos/61097303/medium.jpeg,,,Discocactus sp.,7,0,false,2,Parque Nacional da Chapada dos Veadeiros,-14.03835899,-47.62297142,16829,,,,16829,,open,false,gps,gps,Discocactus catingicola,Discocactus catingicola,,Plantae,191671
38631922,Thu Jan 30 2020 10:38:04 GMT-0300 (GMT-3),30-01-20,2020-01-30 13:38:04 UTC,Brasilia,1539685,kfp,,2020-02-14 10:10:27 UTC,2022-06-15 23:05:12 UTC,research,CC-BY-NC,https://www.inaturalist.org/observations/38631922,https://inaturalist-open-data.s3.amazonaws.com/photos/61426550/medium.jpg,,,Brasilicereus,2,0,false,3,"Goiás, BR",-13.88051372,-47.45364293,5,,,,30994,obscured,open,true,,,Pilosocereus machrisii,Pilosocereus machrisii,Facheiro-do-cerrado,Plantae,442103
39843681,Sun Mar 08 2020 08:31:54 GMT-0300 (GMT-3),08-03-20,2020-03-08 11:31:54 UTC,Brasilia,2071624,estevao_santos,,2020-03-11 16:49:48 UTC,2021-02-28 20:24:57 UTC,research,CC-BY-NC,https://www.inaturalist.org/observations/39843681,https://inaturalist-open-data.s3.amazonaws.com/photos/63254681/medium.jpg,,,,3,0,false,3,"Cocalzinho de Goiás, GO, BR",-15.80564667,-48.85635333,,,,,,,open,false,,,Pilosocereus vilaboensis,Pilosocereus vilaboensis,Facheiro-amarelo,Plantae,442118
40750631,10-08-19 14:02,10-08-19,2019-08-10 17:02:00 UTC,Brasilia,1538527,leonardobergamini,Leonardo Bergamini,2020-03-26 12:54:42 UTC,2022-01-28 19:45:15 UTC,research,CC-BY,https://www.inaturalist.org/observations/40750631,https://inaturalist-open-data.s3.amazonaws.com/photos/64595375/medium.jpeg,,,,3,0,false,,"Pirenópolis - GO, Brasil",-15.80532107,-48.91862699,8,,,,8,,open,false,,,Pilosocereus vilaboensis,Pilosocereus vilaboensis,Facheiro-amarelo,Plantae,442118
40757615,26-10-18 13:27,26-10-18,2018-10-26 16:27:00 UTC,Brasilia,1538527,leonardobergamini,Leonardo Bergamini,2020-03-26 15:33:14 UTC,2023-03-17 02:11:57 UTC,research,CC-BY,https://www.inaturalist.org/observations/40757615,https://inaturalist-open-data.s3.amazonaws.com/photos/64606187/medium.jpeg,,,,5,1,false,,"Goiás, BR",-13.87728829,-47.03018364,120,,,,30994,,obscured,true,,,Discocactus catingicola,Discocactus catingicola,,Plantae,191671
40757622,26-10-18 14:08,26-10-18,2018-10-26 17:08:00 UTC,Brasilia,1538527,leonardobergamini,Leonardo Bergamini,2020-03-26 15:33:20 UTC,2022-06-18 18:07:23 UTC,research,CC-BY,https://www.inaturalist.org/observations/40757622,https://inaturalist-open-data.s3.amazonaws.com/photos/64606408/medium.jpeg,,,,4,1,false,,"Goiás, BR",-13.95896168,-47.18472244,50,,,,30994,,obscured,true,,,Discocactus catingicola,Discocactus catingicola,,Plantae,191671
40757639,25-10-18 15:12,25-10-18,2018-10-25 18:12:00 UTC,Brasilia,1538527,leonardobergamini,Leonardo Bergamini,2020-03-26 15:33:34 UTC,2022-01-28 19:45:15 UTC,research,CC-BY,https://www.inaturalist.org/observations/40757639,https://inaturalist-open-data.s3.amazonaws.com/photos/64606874/medium.jpeg,,,,3,0,false,,"Nova Roma - GO, 73820-000, Brasil",-13.96067294,-46.98913623,177,,,,177,,open,false,,,Pilosocereus machrisii,Pilosocereus machrisii,Facheiro-do-cerrado,Plantae,442103
40883653,21-03-08 13:57,21-03-08,2008-03-21 16:57:00 UTC,Brasilia,1538527,leonardobergamini,Leonardo Bergamini,2020-03-28 14:51:48 UTC,2022-06-18 18:06:45 UTC,research,CC-BY,https://www.inaturalist.org/observations/40883653,https://inaturalist-open-data.s3.amazonaws.com/photos/64816131/medium.jpeg,,,,4,1,false,,"Goiás, BR",-17.7216367,-48.61783872,5145,,,,30716,,obscured,true,,,Discocactus catingicola,Discocactus catingicola,,Plantae,191671
47888205,2012/03/03 11:52 PM GMT,03-03-12,2012-03-03 23:52:00 UTC,London,270365,malacoderm,Michael Geiser,2020-05-30 19:49:25 UTC,2023-03-15 16:47:43 UTC,research,CC-BY-NC,https://www.inaturalist.org/observations/47888205,https://inaturalist-open-data.s3.amazonaws.com/photos/75962047/medium.jpeg,,,,4,0,false,,"Mato Grosso, BR",-15.65696921,-56.00315086,30,,,,30870,,obscured,true,,,Discocactus heptacanthus,Discocactus heptacanthus,,Plantae,191672
50335255,08-06-19 11:03,08-06-19,2019-06-08 14:03:00 UTC,Brasilia,3183496,caminhadamineira,Caminhada Mineira,2020-06-20 22:38:14 UTC,2023-02-07 12:01:37 UTC,research,CC-BY-NC,https://www.inaturalist.org/observations/50335255,https://inaturalist-open-data.s3.amazonaws.com/photos/79925106/medium.jpeg,,,Photo by Berenice Vilela,2,0,false,,"Carmo do Cajuru - MG, 35510-000, Brasil",-20.2529787,-44.7194932,208,,,,208,,,false,,,Coleocephalocereus estevesii,Coleocephalocereus estevesii,,Plantae,905569
56908061,06-04-20 15:22,06-04-20,2020-04-06 18:22:00 UTC,Brasilia,2328400,tsssss,Tsssss,2020-08-19 04:20:26 UTC,2021-02-28 20:21:15 UTC,research,CC0,https://www.inaturalist.org/observations/56908061,https://inaturalist-open-data.s3.amazonaws.com/photos/90721698/medium.jpeg,,,,4,0,false,,"Goiás, BR",-13.08251686,-46.46033905,12136,,,,31045,obscured,open,true,,,Siccobaccatus estevesii,Siccobaccatus estevesii,,Plantae,443668
57358835,02-10-11 6:08,02-10-11,,Caracas,1169,diogoprov,Diogo B. Provete,2020-08-23 18:09:42 UTC,2021-02-28 20:20:44 UTC,research,CC-BY,https://www.inaturalist.org/observations/57358835,https://inaturalist-open-data.s3.amazonaws.com/photos/91482028/medium.jpeg,,,,2,0,false,,"Pirenópolis - GO, Brasil",-15.79598092,-48.83709454,1657,,,,1657,,open,false,,,Pilosocereus vilaboensis,Pilosocereus vilaboensis,Facheiro-amarelo,Plantae,442118
58374760,18-06-20 13:08,18-06-20,2020-06-18 16:08:00 UTC,Brasilia,2328400,tsssss,Tsssss,2020-09-02 23:34:30 UTC,2021-02-28 20:20:29 UTC,research,CC0,https://www.inaturalist.org/observations/58374760,https://inaturalist-open-data.s3.amazonaws.com/photos/93187410/medium.jpeg,,,,3,0,false,,"Goiás, BR",-13.18608498,-46.47030132,12136,,,,31045,obscured,obscured,true,,,Cereus pierre-braunianus,Cereus pierre-braunianus,Mandacaru-de-Goiás,Plantae,438222
58374761,18-06-20 13:10,18-06-20,2020-06-18 16:10:00 UTC,Brasilia,2328400,tsssss,Tsssss,2020-09-02 23:34:31 UTC,2023-04-23 12:45:39 UTC,research,CC0,https://www.inaturalist.org/observations/58374761,https://inaturalist-open-data.s3.amazonaws.com/photos/93187802/medium.jpeg,,,,4,0,false,,"Goiás, BR",-13.17240465,-46.53028707,12136,,,,31045,obscured,open,true,,,Siccobaccatus estevesii,Siccobaccatus estevesii,,Plantae,443668
58385165,18-06-20 13:59,18-06-20,2020-06-18 16:59:00 UTC,Brasilia,2328400,tsssss,Tsssss,2020-09-03 02:04:53 UTC,2023-03-05 01:27:17 UTC,research,CC0,https://www.inaturalist.org/observations/58385165,https://inaturalist-open-data.s3.amazonaws.com/photos/93207641/medium.jpeg,,,,4,0,false,,"Goiás, BR",-13.05810043,-46.56525694,12136,,,,31045,obscured,open,true,,,Siccobaccatus estevesii,Siccobaccatus estevesii,,Plantae,443668
59161024,03-08-20 10:45,03-08-20,2020-08-03 13:45:00 UTC,Brasilia,2328400,tsssss,Tsssss,2020-09-10 20:35:52 UTC,2021-01-05 02:03:43 UTC,research,CC0,https://www.inaturalist.org/observations/59161024,https://inaturalist-open-data.s3.amazonaws.com/photos/94509554/medium.jpeg,,,,2,0,false,,"Goiás, BR",-13.13779328,-46.41119782,12136,,,,31045,obscured,open,true,,,Tacinga saxatilis,Tacinga saxatilis,Quipá-açú,Plantae,444205
59161028,03-08-20 11:22,03-08-20,2020-08-03 14:22:00 UTC,Brasilia,2328400,tsssss,Tsssss,2020-09-10 20:35:52 UTC,2023-06-26 09:53:25 UTC,research,CC0,https://www.inaturalist.org/observations/59161028,https://inaturalist-open-data.s3.amazonaws.com/photos/94509656/medium.jpeg,,,,4,0,false,,"Goiás, BR",-13.02214546,-46.40407803,12136,,,,31045,obscured,obscured,true,,,Cereus pierre-braunianus,Cereus pierre-braunianus,Mandacaru-de-Goiás,Plantae,438222
60350336,Mon Sep 21 2020 16:50:24 GMT-0300 (GMT-3),21-09-20,2020-09-21 19:50:24 UTC,Brasilia,3642815,gualandi,Diego Gualandi,2020-09-21 19:52:03 UTC,2022-10-18 21:09:39 UTC,research,,https://www.inaturalist.org/observations/60350336,https://static.inaturalist.org/photos/96493111/medium.jpg,,,,2,0,false,3,"Americana, SP, BR",-22.69941971,-47.28549216,48,,,,48,,open,false,,,Andes organ pipe cactus,Cereus hildmannianus,Mandacaru-de-fruto-amarelo,Plantae,327664
65554847,05-01-19 17:46,05-01-19,2019-01-05 19:46:00 UTC,Mid-Atlantic,3542499,urbinaurbana,Carla Urbina,2020-11-24 23:21:25 UTC,2021-02-28 20:18:27 UTC,research,CC-BY-NC,https://www.inaturalist.org/observations/65554847,https://inaturalist-open-data.s3.amazonaws.com/photos/105531535/medium.jpeg,,,,3,0,false,,"Pirenópolis - GO, Brasil",-15.72666572,-48.89237881,576,,,,576,,open,false,,,Pilosocereus vilaboensis,Pilosocereus vilaboensis,Facheiro-amarelo,Plantae,442118
65554852,05-01-19 17:59,05-01-19,2019-01-05 19:59:00 UTC,Mid-Atlantic,3542499,urbinaurbana,Carla Urbina,2020-11-24 23:21:26 UTC,2021-02-28 20:18:24 UTC,research,CC-BY-NC,https://www.inaturalist.org/observations/65554852,https://inaturalist-open-data.s3.amazonaws.com/photos/105531595/medium.jpeg,,,,3,0,false,,"Pirenópolis - GO, Brasil",-15.72666572,-48.89237881,576,,,,576,,open,false,,,Pilosocereus vilaboensis,Pilosocereus vilaboensis,Facheiro-amarelo,Plantae,442118
67459267,Sat Jan 02 2021 08:35:39 GMT-0400 (GMT-4),02-01-21,2021-01-02 12:35:39 UTC,Atlantic Time (Canada),862579,marcossevergnini,Marcos Severgnini,2021-01-02 15:20:22 UTC,2021-02-28 20:13:07 UTC,research,CC-BY,https://www.inaturalist.org/observations/67459267,https://inaturalist-open-data.s3.amazonaws.com/photos/108995154/medium.jpg,,,,2,0,false,3,"Aquidauana, MS, BR",-20.45342,-55.557225,10,,,,10,,open,false,,,Cereus bicolor,Cereus bicolor,,Plantae,438210
67879199,06-01-21 12:28,06-01-21,2021-01-06 14:28:00 UTC,Mid-Atlantic,1667539,marcia_martins,Márcia Cristina Martins da Silva,2021-01-10 23:16:31 UTC,2023-04-10 10:37:19 UTC,research,CC-BY,https://www.inaturalist.org/observations/67879199,https://static.inaturalist.org/photos/109783388/medium.jpg,,,,2,0,false,,"Minas Gerais, BR",-20.23478342,-46.7500022,245,,,,30490,,obscured,true,,,Arthrocereus melanurus melanurus,Arthrocereus melanurus melanurus,Mandacarim-paulista,Plantae,870569
68254886,2021-01-16 11:19:50 AM GMT-03:00,16-01-21,2021-01-16 14:19:50 UTC,Brasilia,2399177,mattheusmota,Mattheus Mota,2021-01-18 03:53:24 UTC,2023-04-06 10:55:04 UTC,research,CC-BY-NC,https://www.inaturalist.org/observations/68254886,https://inaturalist-open-data.s3.amazonaws.com/photos/110471445/medium.jpeg,,,,3,0,false,2,"Goiás, BR",-15.32185558,-47.64727529,,,,,30899,obscured,open,true,gps,gps,Cereus jamacaru calcirupicola,Cereus jamacaru calcirupicola,Mandacaru-do-calcário,Plantae,418239
68509186,08-01-21 12:18,08-01-21,2021-01-08 14:18:00 UTC,Mid-Atlantic,749284,liuid,Liu Idárraga Orozco,2021-01-23 20:53:52 UTC,2022-08-16 13:29:49 UTC,research,CC-BY-NC,https://www.inaturalist.org/observations/68509186,https://inaturalist-open-data.s3.amazonaws.com/photos/222986104/medium.jpg,,,,2,0,false,,"RPPN Vargem Grande, Pirenópolis - GO, 72980-000, Brasil",-15.8054264,-48.91955495,168,,,,168,,open,false,,,Pilosocereus vilaboensis,Pilosocereus vilaboensis,Facheiro-amarelo,Plantae,442118
68513498,08-01-21 13:36,08-01-21,2021-01-08 15:36:00 UTC,Mid-Atlantic,749284,liuid,Liu Idárraga Orozco,2021-01-23 22:12:45 UTC,2021-02-28 19:53:09 UTC,research,CC-BY-NC,https://www.inaturalist.org/observations/68513498,https://inaturalist-open-data.s3.amazonaws.com/photos/110948776/medium.jpeg,,,,2,0,false,,"RPPN Vargem Grande, Pirenópolis - GO, 72980-000, Brasil",-15.80426318,-48.9183643,132,,,,132,,open,false,,,Pilosocereus vilaboensis,Pilosocereus vilaboensis,Facheiro-amarelo,Plantae,442118
68700004,2017/06/14 1:33 PM UTC,14-06-17,2017-06-14 13:33:00 UTC,UTC,3954135,marcusborba,Marcus Borba,2021-01-27 22:29:21 UTC,2023-04-10 10:36:43 UTC,research,,https://www.inaturalist.org/observations/68700004,https://static.inaturalist.org/photos/111308874/medium.jpg,,,,2,0,false,,"Minas Gerais, BR",-20.71789264,-46.18875363,7936,,,,30453,,obscured,true,,,Arthrocereus melanurus,Arthrocereus melanurus,Mandacarim-melancólico,Plantae,189493
69504699,25-02-17,25-02-17,,UTC,918502,leonardovonlinsingen,Leonardo von Linsingen,2021-02-13 15:22:52 UTC,2021-02-28 07:24:14 UTC,research,,https://www.inaturalist.org/observations/69504699,https://static.inaturalist.org/photos/112790626/medium.jpeg,,,,2,0,false,2,"Sengés - PR, 84220-000, Brasil",-24.12033389,-49.3912442,158,,,,158,,open,false,gps,gps,Cereus hildmannianus,Cereus hildmannianus,Mandacaru-de-fruto-amarelo,Plantae,327664
69533690,2002-01-01 12:01:19 AM GMT-02:00,01-01-02,2002-01-01 02:01:19 UTC,Mid-Atlantic,918502,leonardovonlinsingen,Leonardo von Linsingen,2021-02-14 00:56:53 UTC,2021-02-28 20:38:29 UTC,research,,https://www.inaturalist.org/observations/69533690,https://static.inaturalist.org/photos/112843490/medium.jpeg,,,,3,1,false,2,"Jaguariaíva - PR, 84200-000, Brasil",-24.25940591,-49.74958967,34,,,,34,,open,false,gps,gps,Lepismium cruciforme,Lepismium cruciforme,Canambaia,Plantae,439586
69537468,2005-06-06 12:28:08 PM GMT-03:00,06-06-05,2005-06-06 15:28:08 UTC,Brasilia,918502,leonardovonlinsingen,Leonardo von Linsingen,2021-02-14 02:21:25 UTC,2023-02-07 23:28:58 UTC,research,,https://www.inaturalist.org/observations/69537468,https://static.inaturalist.org/photos/112850788/medium.jpeg,,,,3,0,false,2,"Sengés - PR, 84220-000, Brasil",-24.1149977,-49.39562123,36,,,,36,,open,false,gps,gps,Cereus hildmannianus,Cereus hildmannianus,Mandacaru-de-fruto-amarelo,Plantae,327664
69644013,2021-02-15 2:33:45 PM GMT-03:00,15-02-21,2021-02-15 17:33:45 UTC,Brasilia,2399177,mattheusmota,Mattheus Mota,2021-02-16 00:01:27 UTC,2022-09-14 22:58:00 UTC,research,CC-BY-NC,https://www.inaturalist.org/observations/69644013,https://inaturalist-open-data.s3.amazonaws.com/photos/113048758/medium.jpeg,,,,4,1,false,2,"Vale da Lua - Rodovia GO-239, km 29 s/nº Zona Rural, Alto Paraíso de Goiás - GO, 73770-000, Brasil",-14.186424,-47.789279,,,,,,,open,false,,,Cereus bicolor,Cereus bicolor,,Plantae,438210
69867831,2016-11-30 2:51:26 PM GMT-02:00,30-11-16,2016-11-30 16:51:26 UTC,Mid-Atlantic,918502,leonardovonlinsingen,Leonardo von Linsingen,2021-02-20 16:54:10 UTC,2021-02-28 07:24:07 UTC,research,,https://www.inaturalist.org/observations/69867831,https://static.inaturalist.org/photos/113472223/medium.jpeg,,,,2,0,false,2,"Sengés - PR, 84220-000, Brasil",-24.11774324,-49.36862312,280,,,,280,,open,false,gps,gps,Cereus hildmannianus,Cereus hildmannianus,Mandacaru-de-fruto-amarelo,Plantae,327664
69869578,2015-09-01 10:00:56 PM GMT-03:00,01-09-15,2015-09-02 01:00:56 UTC,Brasilia,918502,leonardovonlinsingen,Leonardo von Linsingen,2021-02-20 17:34:29 UTC,2022-04-06 09:30:43 UTC,research,,https://www.inaturalist.org/observations/69869578,https://static.inaturalist.org/photos/113475873/medium.jpeg,,,,2,0,false,2,"São Paulo, BR",-24.05455768,-49.06602595,157,,,,30112,,obscured,true,gps,gps,Rhipsalis dissimilis,Rhipsalis dissimilis,,Plantae,442987
70284687,2008-06-29 1:20:14 AM GMT-03:00,29-06-08,2008-06-29 04:20:14 UTC,Brasilia,918502,leonardovonlinsingen,Leonardo von Linsingen,2021-02-27 23:37:50 UTC,2023-02-03 16:38:40 UTC,research,,https://www.inaturalist.org/observations/70284687,https://static.inaturalist.org/photos/114226386/medium.jpeg,,,,2,0,false,2,"Paraná, BR",-24.23766166,-49.79782938,127,,,,30090,,obscured,true,gps,gps,Parodia ottonis,Parodia ottonis,,Plantae,441716
71452955,18-10-10 14:13,18-10-10,2010-10-18 18:13:00 UTC,La Paz,548952,trfsinani,Thomaz Ricardo Favreto Sinani,2021-03-17 23:17:06 UTC,2021-03-23 02:39:12 UTC,research,CC-BY-NC,https://www.inaturalist.org/observations/71452955,https://inaturalist-open-data.s3.amazonaws.com/photos/116332093/medium.jpeg,,Chaco,"BRAZILIAN CHACO: a photographic manifest of biodiversity Photographic, technical and scientific dissemination book in 9:16 format for reading on cell phones and others, and domestic printing (168 x 297 mm) for non-commercial purposes. With almost 700 copyright photos with short captions, it presents the main phytophysiognomies and components of the fauna and flora of the Brazilian Chaco, located in Mato Grosso do Sul. Available in the international Figshare repository for free download: https://figshare.com/s/bac35dc9d6e9925bca7a. (374 p., DOI 10.6084/m9.figshare.13262726)",1,0,false,,Fazenda Retiro Conceição,-21.67846908,-57.71432831,3612,,,,3612,,open,false,,,Harrisia bonplandii,Harrisia bonplandii,Pitaya-arbustiva,Plantae,157462
71886047,21-01-14 8:35,21-01-14,2014-01-21 12:35:00 UTC,La Paz,548952,trfsinani,Thomaz Ricardo Favreto Sinani,2021-03-23 17:51:38 UTC,2021-03-23 19:47:14 UTC,research,CC-BY-NC,https://www.inaturalist.org/observations/71886047,https://inaturalist-open-data.s3.amazonaws.com/photos/117110786/medium.jpg,,Chaco,"BRAZILIAN CHACO: a photographic manifest of biodiversity Photographic, technical and scientific dissemination book in 9:16 format for reading on cell phones and others, and domestic printing (168 x 297 mm) for non-commercial purposes. With almost 700 copyright photos with short captions, it presents the main phytophysiognomies and components of the fauna and flora of the Brazilian Chaco, located in Mato Grosso do Sul. Available in the international Figshare repository for free download: https://figshare.com/s/bac35dc9d6e9925bca7a. (374 p., DOI 10.6084/m9.figshare.13262726)",2,0,false,,Porto Murtinho,-21.70200196,-57.62087336,28993,,,,28993,,open,false,,,Harrisia bonplandii,Harrisia bonplandii,Pitaya-arbustiva,Plantae,157462
71887089,25-03-15 14:02,25-03-15,2015-03-25 18:02:00 UTC,La Paz,548952,trfsinani,Thomaz Ricardo Favreto Sinani,2021-03-23 18:07:31 UTC,2023-01-28 09:26:32 UTC,research,CC-BY-NC,https://www.inaturalist.org/observations/71887089,https://inaturalist-open-data.s3.amazonaws.com/photos/117112480/medium.png,,Chaco,"BRAZILIAN CHACO: a photographic manifest of biodiversity Photographic, technical and scientific dissemination book in 9:16 format for reading on cell phones and others, and domestic printing (168 x 297 mm) for non-commercial purposes. With almost 700 copyright photos with short captions, it presents the main phytophysiognomies and components of the fauna and flora of the Brazilian Chaco, located in Mato Grosso do Sul. Available in the international Figshare repository for free download: https://figshare.com/s/bac35dc9d6e9925bca7a. (374 p., DOI 10.6084/m9.figshare.13262726)",3,0,false,,"Porto Murtinho, BR-MS, BR",-21.66603698,-57.73338647,28993,,,,30357,,obscured,true,,,Frailea schilinzkyana,Frailea schilinzkyana,,Plantae,438880
71887092,14-11-09 14:47,14-11-09,2009-11-14 18:47:00 UTC,La Paz,548952,trfsinani,Thomaz Ricardo Favreto Sinani,2021-03-23 18:07:32 UTC,2021-10-25 06:18:37 UTC,research,CC-BY-NC,https://www.inaturalist.org/observations/71887092,https://inaturalist-open-data.s3.amazonaws.com/photos/117112679/medium.jpeg,,Chaco,"BRAZILIAN CHACO: a photographic manifest of biodiversity Photographic, technical and scientific dissemination book in 9:16 format for reading on cell phones and others, and domestic printing (168 x 297 mm) for non-commercial purposes. With almost 700 copyright photos with short captions, it presents the main phytophysiognomies and components of the fauna and flora of the Brazilian Chaco, located in Mato Grosso do Sul. Available in the international Figshare repository for free download: https://figshare.com/s/bac35dc9d6e9925bca7a. (374 p., DOI 10.6084/m9.figshare.13262726)",3,0,false,,Porto Murtinho,-21.70200196,-57.62087336,28993,,,,28993,,open,false,,,Gymnocalycium anisitsii,Gymnocalycium anisitsii,,Plantae,438939
71887093,21-12-10 8:45,21-12-10,2010-12-21 12:45:00 UTC,La Paz,548952,trfsinani,Thomaz Ricardo Favreto Sinani,2021-03-23 18:07:32 UTC,2021-10-25 06:18:31 UTC,research,CC-BY-NC,https://www.inaturalist.org/observations/71887093,https://inaturalist-open-data.s3.amazonaws.com/photos/117112725/medium.jpeg,,Chaco,"BRAZILIAN CHACO: a photographic manifest of biodiversity Photographic, technical and scientific dissemination book in 9:16 format for reading on cell phones and others, and domestic printing (168 x 297 mm) for non-commercial purposes. With almost 700 copyright photos with short captions, it presents the main phytophysiognomies and components of the fauna and flora of the Brazilian Chaco, located in Mato Grosso do Sul. Available in the international Figshare repository for free download: https://figshare.com/s/bac35dc9d6e9925bca7a. (374 p., DOI 10.6084/m9.figshare.13262726)",3,0,false,,Porto Murtinho,-21.70200196,-57.62087336,28993,,,,28993,,open,false,,,Gymnocalycium anisitsii,Gymnocalycium anisitsii,,Plantae,438939
74623583,21-02-21 16:51,21-02-21,2021-02-21 19:51:00 UTC,Brasilia,4223706,romulo_aluz,Rômulo Antunes Luz,2021-04-20 12:50:11 UTC,2021-05-23 09:59:15 UTC,research,CC-BY-NC,https://www.inaturalist.org/observations/74623583,https://inaturalist-open-data.s3.amazonaws.com/photos/121982118/medium.jpg,,,Buraco do Padre - Parque Nacional dos Campos Gerais,1,0,false,,"Ponta Grossa - PR, Brasil",-25.1750276,-49.9685721,,,,,,,open,false,,,Parodia carambeiensis,Parodia carambeiensis,,Plantae,441685
77843550,07-05-21 13:58,07-05-21,2021-05-07 13:58:41 UTC,UTC,4014446,kairomichel,Kairo Michel,2021-05-08 03:03:20 UTC,2022-01-24 20:53:34 UTC,research,,https://www.inaturalist.org/observations/77843550,https://static.inaturalist.org/photos/127338900/medium.jpeg,,,,3,0,false,2,"Ipiranga do Piauí - PI, 64540-000, Brasil",-6.865230905,-41.71396572,24,,,,24,,open,false,,,Cereus albicaulis,Cereus albicaulis,Mandacaru-chicha,Plantae,438209
83395326,27-05-21 8:44,27-05-21,2021-05-27 11:44:00 UTC,Brasilia,2498824,rdislich,Ricardo Dislich,2021-06-17 15:36:36 UTC,2022-07-24 19:56:15 UTC,research,CC-BY-NC,https://www.inaturalist.org/observations/83395326,https://inaturalist-open-data.s3.amazonaws.com/photos/136960988/medium.jpeg,,,,3,0,false,,"Tocantins, BR",-10.25765849,-46.90760538,8,,,,31199,,obscured,true,,,Cereus mirabella,Cereus mirabella,Mandacaru-de-Mirabela,Plantae,190472
83568427,2021-06-17 12:40:49-03:00,17-06-21,2021-06-17 15:40:49 UTC,America/Araguaina,437496,barbosamo,Marcelo Barbosa,2021-06-18 23:19:40 UTC,2023-03-25 21:16:08 UTC,research,CC-BY-NC,https://www.inaturalist.org/observations/83568427,https://inaturalist-open-data.s3.amazonaws.com/photos/137263395/medium.jpg,,,,3,1,false,3,"Tocantins, BR",-10.41643872,-46.86415686,212,,,,31189,,obscured,true,,,Discocactus catingicola,Discocactus catingicola,,Plantae,191671
85672593,04-07-21 11:04,04-07-21,2021-07-04 11:04:16 UTC,UTC,4014446,kairomichel,Kairo Michel,2021-07-04 20:26:34 UTC,2021-11-27 15:11:02 UTC,research,,https://www.inaturalist.org/observations/85672593,https://static.inaturalist.org/photos/140997743/medium.jpeg,,,,2,0,false,2,"Ipiranga do Piauí - PI, 64540-000, Brasil",-6.861173175,-41.71197016,9,,,,9,,open,false,,,Cereus jamacaru jamacaru,Cereus jamacaru jamacaru,Mandacaru,Plantae,418238
85675430,04-07-21 11:12,04-07-21,2021-07-04 14:12:22 UTC,Brasilia,4014446,kairomichel,Kairo Michel,2021-07-04 20:45:47 UTC,2022-01-24 20:37:29 UTC,research,,https://www.inaturalist.org/observations/85675430,https://static.inaturalist.org/photos/141002687/medium.jpeg,,,,2,0,false,2,"Ipiranga do Piauí - PI, 64540-000, Brasil",-6.86059364,-41.71193596,18,,,,18,,open,false,gps,gps,Cereus albicaulis,Cereus albicaulis,Mandacaru-chicha,Plantae,438209
85844228,05-07-21 9:20,05-07-21,2021-07-05 09:20:41 UTC,UTC,4014446,kairomichel,Kairo Michel,2021-07-05 23:34:34 UTC,2022-12-14 11:14:13 UTC,research,,https://www.inaturalist.org/observations/85844228,https://static.inaturalist.org/photos/141311361/medium.jpeg,,,,2,1,false,2,"Ipiranga do Piauí - PI, 64540-000, Brasil",-6.852163827,-41.72641989,15,,,,15,,open,false,,,Pilosocereus flavipulvinatus,Pilosocereus flavipulvinatus,,Plantae,442094
85903935,Sat May 22 2021 12:54:33 GMT-0300 (GMT-3),22-05-21,2021-05-22 15:54:33 UTC,Brasilia,2162255,chrisrodrigues17,,2021-07-06 12:53:45 UTC,2023-03-15 00:31:47 UTC,research,CC-BY-NC,https://www.inaturalist.org/observations/85903935,https://inaturalist-open-data.s3.amazonaws.com/photos/141423455/medium.jpg,,,,3,0,false,3,"Goiás, BR",-14.3386727,-47.32129934,5,,,,30968,,obscured,true,,,Discocactus diersianus,Discocactus diersianus,,Plantae,438503
87975633,06-07-21 13:43,06-07-21,2021-07-06 16:43:00 UTC,Brasilia,36080,rodolphsartin,Rodolph Delfino Sartin,2021-07-21 11:31:52 UTC,2023-03-21 18:35:37 UTC,research,,https://www.inaturalist.org/observations/87975633,https://static.inaturalist.org/photos/145102575/medium.jpeg,,,,5,0,false,,"Paranã - TO, Brasil",-13.33756196,-47.72775269,61,,,,61,,open,false,,,Discocactus catingicola,Discocactus catingicola,,Plantae,191671
88330029,22-07-21 10:31,22-07-21,2021-07-22 13:31:00 UTC,Brasilia,36080,rodolphsartin,Rodolph Delfino Sartin,2021-07-24 00:48:11 UTC,2022-09-11 22:20:21 UTC,research,,https://www.inaturalist.org/observations/88330029,https://static.inaturalist.org/photos/145718031/medium.jpeg,,,,2,0,false,,"Pirenópolis - GO, Brasil",-15.71145163,-48.9631579,4,,,,4,,open,false,,,Pilosocereus vilaboensis,Pilosocereus vilaboensis,Facheiro-amarelo,Plantae,442118
89094306,01-07-21 10:31,01-07-21,2021-07-01 13:31:00 UTC,Brasilia,3900703,jpdandretta,João D'Andretta,2021-07-29 18:29:10 UTC,2021-08-19 10:20:40 UTC,research,CC-BY,https://www.inaturalist.org/observations/89094306,https://inaturalist-open-data.s3.amazonaws.com/photos/147083340/medium.jpg,,,,1,0,false,,"Tocantins, BR",-11.16392319,-47.2522585,210,,,,31158,,obscured,true,,,Pilosocereus parvus,Pilosocereus parvus,Xique-xique-anão,Plantae,442109
90567328,30-07-21 12:29,30-07-21,2021-07-30 15:29:00 UTC,Brasilia,2566790,ritasouza,,2021-08-09 18:45:49 UTC,2022-04-06 01:33:35 UTC,research,,https://www.inaturalist.org/observations/90567328,https://static.inaturalist.org/photos/149693875/medium.jpeg,,,,2,0,false,,"São Paulo, BR",-24.18808461,-49.18248017,162,,,,30112,,obscured,true,,,Rhipsalis dissimilis,Rhipsalis dissimilis,,Plantae,442987
91327853,15-08-21 12:39,15-08-21,2021-08-15 15:39:46 UTC,Brasilia,3919397,daniel_schelesky,Daniel Schelesky,2021-08-15 21:29:34 UTC,2022-05-05 16:58:52 UTC,research,,https://www.inaturalist.org/observations/91327853,https://static.inaturalist.org/photos/151043493/medium.jpeg,,,,2,0,false,2,Tibagi,-24.51462249,-50.41122794,2205,,,,2205,,open,false,gps,gps,Lepismium cruciforme,Lepismium cruciforme,Canambaia,Plantae,439586
92637287,25-08-21 10:23,25-08-21,2021-08-25 10:23:54 UTC,UTC,2399177,mattheusmota,Mattheus Mota,2021-08-27 03:09:46 UTC,2023-02-07 23:02:15 UTC,research,CC-BY-NC,https://www.inaturalist.org/observations/92637287,https://inaturalist-open-data.s3.amazonaws.com/photos/153416692/medium.jpeg,,,,2,0,false,2,Planaltina,-15.4534789,-47.60891698,6926,,,,6926,,open,false,gps,gps,Cereus jamacaru calcirupicola,Cereus jamacaru calcirupicola,Mandacaru-do-calcário,Plantae,418239
92637446,25-08-21 11:05,25-08-21,2021-08-25 14:05:56 UTC,Brasilia,2399177,mattheusmota,Mattheus Mota,2021-08-27 03:12:36 UTC,2023-02-07 23:02:28 UTC,research,CC-BY-NC,https://www.inaturalist.org/observations/92637446,https://inaturalist-open-data.s3.amazonaws.com/photos/153417037/medium.jpeg,,,,2,0,false,2,Gruta dos Milagres,-15.31816707,-47.72628106,259,,,,259,,open,false,gps,gps,Cereus jamacaru calcirupicola,Cereus jamacaru calcirupicola,Mandacaru-do-calcário,Plantae,418239
92637626,25-08-21 11:07,25-08-21,2021-08-25 14:07:04 UTC,Brasilia,2399177,mattheusmota,Mattheus Mota,2021-08-27 03:14:06 UTC,2023-02-07 23:02:46 UTC,research,CC-BY-NC,https://www.inaturalist.org/observations/92637626,https://inaturalist-open-data.s3.amazonaws.com/photos/153417177/medium.jpeg,,,,2,0,false,2,Gruta dos Milagres,-15.31816707,-47.72628106,259,,,,259,,open,false,gps,gps,Cereus jamacaru calcirupicola,Cereus jamacaru calcirupicola,Mandacaru-do-calcário,Plantae,418239
92945489,22-09-18,22-09-18,,Santiago,3970594,meri_oliveira,Meri Oliveira,2021-08-29 18:51:24 UTC,2022-12-15 21:56:03 UTC,research,CC-BY-NC,https://www.inaturalist.org/observations/92945489,https://inaturalist-open-data.s3.amazonaws.com/photos/153971332/medium.jpeg,,,,2,0,false,2,Parque Nacional Cavernas do Peruaçu,-15.11054506,-44.24439825,208,,,,208,,open,false,,,Tacinga saxatilis,Tacinga saxatilis,Quipá-açú,Plantae,444205
93808961,05-09-21 14:16,05-09-21,2021-09-05 17:16:12 UTC,Brasilia,2399177,mattheusmota,Mattheus Mota,2021-09-06 01:46:47 UTC,2023-02-07 23:02:55 UTC,research,CC-BY-NC,https://www.inaturalist.org/observations/93808961,https://inaturalist-open-data.s3.amazonaws.com/photos/155528878/medium.jpeg,,,,2,0,false,2,"MONA do Morro da Pedreira - Unnamed Road - Sobradinho, Brasília - DF, Brasil",-15.51111797,-47.95885797,,,,,,,open,false,gps,gps,Cereus jamacaru calcirupicola,Cereus jamacaru calcirupicola,Mandacaru-do-calcário,Plantae,418239
93937737,05-09-21 10:40,05-09-21,2021-09-05 13:40:58 UTC,Brasilia,2399177,mattheusmota,Mattheus Mota,2021-09-07 00:10:50 UTC,2023-02-07 23:01:55 UTC,research,CC-BY-NC,https://www.inaturalist.org/observations/93937737,https://inaturalist-open-data.s3.amazonaws.com/photos/155760033/medium.jpeg,,,,2,0,false,2,MONA do Morro da Pedreira,-15.51212159,-47.95765612,157,,,,157,,open,false,gps,gps,Cereus jamacaru calcirupicola,Cereus jamacaru calcirupicola,Mandacaru-do-calcário,Plantae,418239
93937802,05-09-21 10:43,05-09-21,2021-09-05 13:43:25 UTC,Brasilia,2399177,mattheusmota,Mattheus Mota,2021-09-07 00:11:43 UTC,2023-02-07 23:00:55 UTC,research,CC-BY-NC,https://www.inaturalist.org/observations/93937802,https://inaturalist-open-data.s3.amazonaws.com/photos/155760176/medium.jpeg,,,,2,0,false,2,MONA do Morro da Pedreira,-15.51212159,-47.95765612,157,,,,157,,open,false,gps,gps,Cereus jamacaru calcirupicola,Cereus jamacaru calcirupicola,Mandacaru-do-calcário,Plantae,418239
93938205,05-09-21 10:49,05-09-21,2021-09-05 13:49:35 UTC,Brasilia,2399177,mattheusmota,Mattheus Mota,2021-09-07 00:15:41 UTC,2023-04-10 11:57:34 UTC,research,CC-BY-NC,https://www.inaturalist.org/observations/93938205,https://inaturalist-open-data.s3.amazonaws.com/photos/155760827/medium.jpeg,,,,3,0,false,2,MONA do Morro da Pedreira,-15.51212159,-47.95765612,157,,,,157,,open,false,gps,gps,Cereus jamacaru calcirupicola,Cereus jamacaru calcirupicola,Mandacaru-do-calcário,Plantae,418239
95189862,Sun May 30 2021 14:46:06 GMT-0300 (GMT-3),30-05-21,2021-05-30 17:46:06 UTC,Brasilia,1607104,renata63,Renata Pitombo,2021-09-17 20:57:10 UTC,2022-01-24 20:47:25 UTC,research,,https://www.inaturalist.org/observations/95189862,https://static.inaturalist.org/photos/157998409/medium.jpg,,,Fazendas Trijunção ,2,0,false,3,"Cocos, BA, BR",-14.840075,-45.9712,7,,,,7,,open,false,,,Cereus albicaulis,Cereus albicaulis,Mandacaru-chicha,Plantae,438209
97507095,07-10-21 22:28,07-10-21,2021-10-08 01:28:45 UTC,Brasilia,4862274,eduiges,Eduiges Soares Lopes,2021-10-08 01:33:09 UTC,2022-09-30 02:07:33 UTC,research,,https://www.inaturalist.org/observations/97507095,https://static.inaturalist.org/photos/162176098/medium.jpeg,,,,2,0,false,2,"Valença do Piauí - PI, Brasil",-6.276842705,-41.77041952,34,,,,34,,open,false,gps,gps,Quipá,Tacinga inamoena,Quipá,Plantae,444203
97754902,09-10-21 11:29,09-10-21,2021-10-09 14:29:03 UTC,Brasilia,4620509,gpsabino,Gabriel Pavan Sabino,2021-10-10 11:35:42 UTC,2021-10-10 14:22:05 UTC,research,CC-BY-NC,https://www.inaturalist.org/observations/97754902,https://inaturalist-open-data.s3.amazonaws.com/photos/162630462/medium.jpeg,,,Em platô de afloramento arenítico.,2,0,false,2,"São Manuel, SP, 18650-000, Brasil",-22.60666565,-48.40583682,443,,,,443,,open,false,gps,gps,Cereus hildmannianus,Cereus hildmannianus,Mandacaru-de-fruto-amarelo,Plantae,327664
99474756,Tue Oct 19 2021 05:48:15 GMT-0300 (GMT-3),19-10-21,2021-10-19 08:48:15 UTC,Brasilia,2377963,vrvianna,Vinícius Rozendo Vianna,2021-10-26 18:00:24 UTC,2022-09-28 17:39:27 UTC,research,,https://www.inaturalist.org/observations/99474756,https://static.inaturalist.org/photos/167248125/medium.jpg,,,,3,1,false,3,"Bahia, BR",-14.85007893,-45.82905027,8,,,,30927,,obscured,true,,,Discocactus catingicola,Discocactus catingicola,,Plantae,191671
99498246,26-10-21 16:13,26-10-21,2021-10-26 19:13:53 UTC,UTC,3906871,adler_,Adler Dvorak,2021-10-26 22:51:33 UTC,2022-05-05 16:58:38 UTC,research,,https://www.inaturalist.org/observations/99498246,https://static.inaturalist.org/photos/165875823/medium.jpeg,,,,2,0,false,2,"Vila Velha, Ponta Grossa, BR-PR, BR",-25.235638,-49.99782497,,,,,,,open,false,gps,gps,Lepismium cruciforme,Lepismium cruciforme,Canambaia,Plantae,439586
99498709,05-12-20,05-12-20,,UTC,1120431,rrandrade,Rogério Andrade,2021-10-26 22:58:20 UTC,2023-02-07 22:53:39 UTC,research,,https://www.inaturalist.org/observations/99498709,https://static.inaturalist.org/photos/165876598/medium.jpeg,,,,2,0,false,2,"Guarani de Goiás - GO, 73910-000, Brasil",-13.94445371,-46.47027835,805,,,,805,,open,false,gps,gps,Cereus,Cereus,,Plantae,49048
99995792,Wed Oct 16 2019 20:24:36 GMT-0300 (GMT-3),16-10-19,2019-10-16 23:24:36 UTC,Brasilia,5174610,daniel_veloso,Daniel Veloso,2021-11-01 18:20:55 UTC,2022-06-19 22:04:20 UTC,research,,https://www.inaturalist.org/observations/99995792,https://static.inaturalist.org/photos/166827147/medium.jpg,,,,3,0,false,3,"Rodovia MG-208, Jequitaí, MG, BR",-17.22796417,-44.44103029,1865,,,,1865,,open,false,,,Discocactus placentiformis,Discocactus placentiformis,,Plantae,191674
101003724,13-11-21 10:55,13-11-21,2021-11-13 13:55:52 UTC,Brasilia,769192,laurentfloresta,Laurent Quéno,2021-11-13 14:23:17 UTC,2023-03-22 14:31:54 UTC,research,,https://www.inaturalist.org/observations/101003724,https://static.inaturalist.org/photos/168636920/medium.jpeg,,,,4,0,false,2,"Chapada dos Veadeiros, Alto Paraíso de Goiás, BR-GO, BR",-14.16861667,-47.82418667,7,,,,7,,open,false,,,Discocactus catingicola,Discocactus catingicola,,Plantae,191671
102259933,09-09-16 14:24,09-09-16,2016-09-09 17:24:19 UTC,UTC,5241287,hosanar,,2021-11-30 21:05:48 UTC,2023-03-12 04:00:10 UTC,research,CC-BY-NC,https://www.inaturalist.org/observations/102259933,https://inaturalist-open-data.s3.amazonaws.com/photos/170901255/medium.jpeg,,,,3,1,false,2,"Minas Gerais, BR",-17.39999943,-44.40309033,2072,,,,30748,,obscured,true,gps,gps,Cipocereus bradei,Cipocereus bradei,Tuna-de-fruto-azul,Plantae,184186
102897448,23-09-21 11:16,23-09-21,2021-09-23 14:16:00 UTC,Buenos Aires,1436130,victorpaiva28,Víctor de Paiva,2021-12-11 23:33:33 UTC,2021-12-12 15:48:39 UTC,research,CC-BY-NC-ND,https://www.inaturalist.org/observations/102897448,https://inaturalist-open-data.s3.amazonaws.com/photos/172099176/medium.jpg,,,"Nome: Rabo-de-raposa

Domínio florístico: Caatinga / Cerrado (Transição)
Fisionomia: Floresta Estacional Decidual Submontana",2,0,false,,"Avelino Lopes, Piauí, Brazil",-10.13155842,-43.81645836,,,,,,,open,false,,,Arrojadoa rhodantha,Arrojadoa rhodantha,Rabo-de-raposa,Plantae,437301
102897451,23-09-21 16:08,23-09-21,2021-09-23 19:08:00 UTC,Buenos Aires,1436130,victorpaiva28,Víctor de Paiva,2021-12-11 23:33:34 UTC,2021-12-12 15:48:40 UTC,research,CC-BY-NC-ND,https://www.inaturalist.org/observations/102897451,https://inaturalist-open-data.s3.amazonaws.com/photos/172099185/medium.jpg,,,"Nome: Rabo-de-raposa

Domínio florístico: Caatinga / Cerrado (Transição)
Fisionomia: Floresta Estacional Decidual Submontana",2,0,false,,"Avelino Lopes, Piauí, Brazil",-10.11921128,-43.81203919,,,,,,,open,false,,,Arrojadoa rhodantha,Arrojadoa rhodantha,Rabo-de-raposa,Plantae,437301
102897459,23-09-21 12:45,23-09-21,2021-09-23 15:45:00 UTC,Buenos Aires,1436130,victorpaiva28,Víctor de Paiva,2021-12-11 23:33:36 UTC,2021-12-12 11:50:38 UTC,research,CC-BY-NC-ND,https://www.inaturalist.org/observations/102897459,https://inaturalist-open-data.s3.amazonaws.com/photos/172099278/medium.jpg,,,"Nome: Mandacaru

Domínio florístico: Caatinga / Cerrado (Transição)
Fisionomia: Floresta Estacional Decidual Submontana",1,0,false,,"Avelino Lopes, Piauí, Brazil",-10.11877103,-43.81183153,,,,,,,open,false,,,Cereus jamacaru jamacaru,Cereus jamacaru jamacaru,Mandacaru,Plantae,418238
102897470,23-09-21 14:18,23-09-21,2021-09-23 17:18:00 UTC,Buenos Aires,1436130,victorpaiva28,Víctor de Paiva,2021-12-11 23:33:39 UTC,2021-12-12 11:50:27 UTC,research,CC-BY-NC-ND,https://www.inaturalist.org/observations/102897470,https://inaturalist-open-data.s3.amazonaws.com/photos/172099415/medium.jpg,,,"Domínio florístico: Caatinga / Cerrado (Transição)
Fisionomia: Floresta Estacional Decidual Submontana",1,0,false,,"Avelino Lopes - PI, Brasil",-10.13463836,-43.817748,,,,,,,open,false,,,Tacinga inamoena,Tacinga inamoena,Quipá,Plantae,444203
103541276,16-01-21 6:55,16-01-21,2021-01-16 09:55:00 UTC,Brasilia,2892380,bia_matinata,Bianca Matinata,2021-12-23 19:57:13 UTC,2023-03-15 10:14:02 UTC,research,,https://www.inaturalist.org/observations/103541276,https://static.inaturalist.org/photos/173318319/medium.jpeg,,,,3,0,false,,"Novo Jardim, TO, 77318-000, Brasil",-11.8226548,-46.626591,916,,,,916,,open,false,,,Discocactus catingicola,Discocactus catingicola,,Plantae,191671
103628629,20-12-21 17:53,20-12-21,2021-12-20 20:53:12 UTC,Brasilia,4014446,kairomichel,Kairo Michel,2021-12-25 12:42:32 UTC,2022-04-11 15:43:27 UTC,research,,https://www.inaturalist.org/observations/103628629,https://static.inaturalist.org/photos/173486078/medium.jpeg,,,,1,0,false,2,"Ipiranga do Piauí - PI, 64540-000, Brasil",-6.870593446,-41.71174418,25,,,,25,,open,false,gps,gps,Pilosocereus flavipulvinatus,Pilosocereus flavipulvinatus,,Plantae,442094
103628918,21-12-21 8:57,21-12-21,2021-12-21 08:57:45 UTC,UTC,4014446,kairomichel,Kairo Michel,2021-12-25 12:57:47 UTC,2022-04-11 15:44:20 UTC,research,,https://www.inaturalist.org/observations/103628918,https://static.inaturalist.org/photos/173486865/medium.jpeg,,,,1,0,false,2,"Ipiranga do Piauí - PI, 64540-000, Brasil",-6.860104978,-41.71752334,8,,,,8,,open,false,,,Pilosocereus flavipulvinatus,Pilosocereus flavipulvinatus,,Plantae,442094
104243757,07-04-18,07-04-18,,Santiago,3970594,meri_oliveira,Meri Oliveira,2022-01-03 03:46:54 UTC,2022-06-15 22:46:53 UTC,research,CC-BY-NC,https://www.inaturalist.org/observations/104243757,https://inaturalist-open-data.s3.amazonaws.com/photos/174646051/medium.jpeg,,,,2,0,false,2,"Miralta, Montes Claros - MG, Brasil",-16.53429257,-43.90300065,9888,,,,9888,,open,false,gps,gps,Melocactus levitestatus,Melocactus levitestatus,,Plantae,440359
105816561,Mon Dec 20 2021 11:32:15 GMT-0500 (GMT-5),20-12-21,2021-12-20 16:32:15 UTC,Bogota,1429048,r_a_b,rebecca bachman,2022-01-30 03:47:20 UTC,2023-01-27 22:07:20 UTC,research,CC0,https://www.inaturalist.org/observations/105816561,https://inaturalist-open-data.s3.amazonaws.com/photos/177639544/medium.jpg,,,,2,1,false,3,"São Domingos, GO, BR",-13.73542167,-46.3586,30,,,,30,,open,false,,,Siccobaccatus estevesii,Siccobaccatus estevesii,,Plantae,443668
106780970,12-02-22 16:38,12-02-22,2022-02-12 16:38:02 UTC,UTC,2399177,mattheusmota,Mattheus Mota,2022-02-15 04:08:09 UTC,2023-03-25 18:48:11 UTC,research,CC-BY-NC,https://www.inaturalist.org/observations/106780970,https://inaturalist-open-data.s3.amazonaws.com/photos/179457052/medium.jpeg,,,,5,0,false,2,Parque Nacional da Chapada dos Veadeiros,-14.03843868,-47.62297142,13230,,,,13230,,open,false,,,Discocactus catingicola,Discocactus catingicola,,Plantae,191671
106803731,12-02-22 11:32,12-02-22,2022-02-12 14:32:31 UTC,Brasilia,908822,claricedorocinski,Clarice Dorocinski,2022-02-15 16:31:06 UTC,2022-03-17 19:19:50 UTC,research,,https://www.inaturalist.org/observations/106803731,https://static.inaturalist.org/photos/179500089/medium.jpeg,,,,2,0,false,2,"Trilha Buraco do Padre - Itaiacoca, Ponta Grossa - PR, Brasil",-25.17499,-49.96857597,,,,,,,open,false,gps,gps,Parodia carambeiensis,Parodia carambeiensis,,Plantae,441685
109721513,08-10-09 13:35,08-10-09,2009-10-08 16:35:00 UTC,Brasilia,1205623,gussoni,Carlos Otávio Gussoni,2022-03-28 02:21:25 UTC,2023-02-07 23:23:08 UTC,research,CC-BY-NC,https://www.inaturalist.org/observations/109721513,https://inaturalist-open-data.s3.amazonaws.com/photos/184974244/medium.jpeg,,,,3,0,false,,"Miranda, MS, 79380-000, Brasil",-20.2390646,-56.3841872,4493,,,,4493,,open,false,,,Cereus stenogonus,Cereus stenogonus,Mandacaru-de-fruto-alaranjado,Plantae,438225
109721516,08-10-09 13:55,08-10-09,2009-10-08 16:55:00 UTC,Brasilia,1205623,gussoni,Carlos Otávio Gussoni,2022-03-28 02:21:26 UTC,2023-02-07 23:16:07 UTC,research,CC-BY-NC,https://www.inaturalist.org/observations/109721516,https://inaturalist-open-data.s3.amazonaws.com/photos/184974265/medium.jpeg,,,,3,0,false,,"Miranda, MS, 79380-000, Brasil",-20.2390646,-56.3841872,4493,,,,4493,,open,false,,,Cereus stenogonus,Cereus stenogonus,Mandacaru-de-fruto-alaranjado,Plantae,438225
110751811,2011/11/30 1:54 PM UTC,30-11-11,2011-11-30 13:54:00 UTC,UTC,5411787,wagnerflorentino,Wagner,2022-04-08 14:35:19 UTC,2022-11-13 19:58:08 UTC,research,CC-BY-NC,https://www.inaturalist.org/observations/110751811,https://inaturalist-open-data.s3.amazonaws.com/photos/186883608/medium.jpeg,,,,1,0,false,,"Pedro Leopoldo - MG, Brasil",-19.54037834,-43.9906311,977,,,,977,,open,false,,,Rhipsalis lindbergiana,Rhipsalis lindbergiana,,Plantae,442994
111092013,2010/08/07 11:46 AM UTC,07-08-10,2010-08-07 11:46:00 UTC,UTC,5411787,wagnerflorentino,Wagner,2022-04-11 14:16:48 UTC,2023-02-07 23:17:53 UTC,research,CC-BY-NC,https://www.inaturalist.org/observations/111092013,https://inaturalist-open-data.s3.amazonaws.com/photos/187495904/medium.jpeg,,,SAMSUNG DIGITAL CAMERA,2,0,false,,"Nobres - MT, Brasil",-14.68981821,-56.30473274,122,,,,122,,open,false,,,Cereus stenogonus,Cereus stenogonus,Mandacaru-de-fruto-alaranjado,Plantae,438225
111195348,2015/01/18 12:00 PM UTC,18-01-15,2015-01-18 12:00:00 UTC,UTC,5411787,wagnerflorentino,Wagner,2022-04-12 13:50:24 UTC,2022-11-13 19:58:08 UTC,research,CC-BY-NC,https://www.inaturalist.org/observations/111195348,https://inaturalist-open-data.s3.amazonaws.com/photos/187682095/medium.jpeg,,,,4,0,false,,"Cuiabá - MT, Brasil",-15.46894948,-55.9713111,3906,,,,3906,,open,false,,,Arthrocereus spinosissimus,Arthrocereus spinosissimus,Mandacarim-espinhoso,Plantae,437302
111471801,24-01-20,24-01-20,,UTC,5513332,janainabarbosa,Janaina Barbosa,2022-04-15 00:04:04 UTC,2023-04-23 12:44:59 UTC,research,,https://www.inaturalist.org/observations/111471801,https://static.inaturalist.org/photos/188179957/medium.jpeg,,,,2,0,false,2,Lagoa do Pedreiro,-13.24610751,-44.19912357,2112,,,,2112,,open,false,,,Pilosocereus pachycladus pachycladus,Pilosocereus pachycladus pachycladus,Facheiro-azul,Plantae,991705
117652000,27-03-17 9:00,27-03-17,2017-03-27 13:00:00 UTC,America/Campo_Grande,14169,netosevero,Francisco Severo Neto,2022-05-18 21:55:36 UTC,2023-04-07 01:09:02 UTC,research,CC-BY-NC,https://www.inaturalist.org/observations/117652000,https://inaturalist-open-data.s3.amazonaws.com/photos/198711481/medium.jpeg,,,,3,0,false,,"Mato Grosso do Sul, BR",-21.67618017,-57.6244279,8014,,,,30357,,obscured,true,,,Discocactus heptacanthus,Discocactus heptacanthus,,Plantae,191672
118016033,28-09-19 17:24,28-09-19,2019-09-28 20:24:57 UTC,America/Bahia,2630599,carlossantana1,Carlos Santana,2022-05-21 15:07:23 UTC,2022-12-10 11:58:43 UTC,research,,https://www.inaturalist.org/observations/118016033,https://static.inaturalist.org/photos/199354457/medium.jpeg,,,,2,0,false,2,"Localização: -13,507326, -44,514260",-13.50732596,-44.51425999,,,,,,,open,false,gps,gps,Pereskia stenantha,Pereskia stenantha,Quiabento-vermelho,Plantae,441934
121152397,27-05-22 9:00,27-05-22,2022-05-27 13:00:00 UTC,America/Campo_Grande,5254179,ingridsessegolo,Ingrid Schumann Sessegolo,2022-06-10 22:08:34 UTC,2023-02-07 23:15:28 UTC,research,CC-BY-NC-SA,https://www.inaturalist.org/observations/121152397,https://inaturalist-open-data.s3.amazonaws.com/photos/204984305/medium.jpg,,,,2,0,false,,"Jardim - State of Mato Grosso do Sul, 79240-000, Brazil",-21.49086062,-56.40200557,497,,,,497,,open,false,,,Mandacaru-de-fruto-alaranjado,Cereus stenogonus,Mandacaru-de-fruto-alaranjado,Plantae,438225
124227786,23-12-16 10:07,23-12-16,2016-12-23 12:07:00 UTC,Brasilia,927103,ademircarosia,Ademir Carosia,2022-07-01 10:51:31 UTC,2023-04-10 10:37:27 UTC,research,CC-BY-NC,https://www.inaturalist.org/observations/124227786,https://inaturalist-open-data.s3.amazonaws.com/photos/210540942/medium.jpeg,,,,3,1,false,,"Minas Gerais, BR",-20.25523772,-46.81253127,,,,,30490,,obscured,true,,,Mandacarim-melancólico,Arthrocereus melanurus,Mandacarim-melancólico,Plantae,189493
125039431,25-05-12 10:10,25-05-12,2012-05-25 13:10:00 UTC,Brasilia,5144946,notlin,,2022-07-06 16:04:49 UTC,2023-04-23 12:44:35 UTC,research,,https://www.inaturalist.org/observations/125039431,https://static.inaturalist.org/photos/212007601/medium.jpeg,,,,3,0,false,2,"Goiás, BR",-14.14335556,-47.6160375,13216,,,,30981,obscured,open,true,gps,gps,Discocactus catingicola,Discocactus catingicola,,Plantae,191671
125368162,02-07-22 15:34,02-07-22,2022-07-02 18:34:07 UTC,Brasilia,3363955,mortzmordecai,Marcos Mortara,2022-07-08 22:24:15 UTC,2022-10-07 22:18:38 UTC,research,CC-BY-NC,https://www.inaturalist.org/observations/125368162,https://inaturalist-open-data.s3.amazonaws.com/photos/212598631/medium.jpeg,,,,1,0,false,2,"Brasilândia de Minas - MG, 38779-000, Brasil",-16.83502778,-45.91409046,25,,,,25,,open,false,gps,gps,Pilosocereus machrisii,Pilosocereus machrisii,Facheiro-do-cerrado,Plantae,442103
126140861,22-12-21,22-12-21,,Brasilia,2497522,rafapsilva,Rafael Silva,2022-07-14 00:26:08 UTC,2023-04-12 23:34:58 UTC,research,CC-BY-NC,https://www.inaturalist.org/observations/126140861,https://inaturalist-open-data.s3.amazonaws.com/photos/213992013/medium.jpeg,,,Créditos: Reinaldo Alves,2,0,false,2,"Minas Gerais, BR",-19.15390537,-46.20239778,12234,,,,30598,,obscured,true,,,Mandacarim-paulista,Arthrocereus melanurus melanurus,Mandacarim-paulista,Plantae,870569
127149021,20-07-22 17:10,20-07-22,2022-07-20 20:10:24 UTC,Brasilia,2497522,rafapsilva,Rafael Silva,2022-07-20 21:55:21 UTC,2023-03-15 17:53:16 UTC,research,CC-BY-NC,https://www.inaturalist.org/observations/127149021,https://inaturalist-open-data.s3.amazonaws.com/photos/215825749/medium.jpeg,,,,2,0,false,2,Paredão,-19.18644496,-46.23606518,205,,,,205,,open,false,,,Discocactus catingicola,Discocactus catingicola,,Plantae,191671
127561272,30-06-22 11:44,30-06-22,2022-06-30 14:44:00 UTC,Brasilia,443108,mrtnlowr,Martin Lowry,2022-07-23 20:03:29 UTC,2023-02-04 19:52:20 UTC,research,CC-BY-NC,https://www.inaturalist.org/observations/127561272,https://inaturalist-open-data.s3.amazonaws.com/photos/216572800/medium.jpg,,"2022 Bahia & Minas Gerais, LM1347",,2,0,false,,"Buenópolis - State of Minas Gerais, 39230-000, Brazil",-17.922,-44.249,99,,,,99,,open,false,,,Pilosocereus aurisetus,Pilosocereus aurisetus,Facheiro-da-serra,Plantae,442087
127561274,30-06-22 11:36,30-06-22,2022-06-30 14:36:00 UTC,Brasilia,443108,mrtnlowr,Martin Lowry,2022-07-23 20:03:29 UTC,2023-04-12 23:29:30 UTC,research,CC-BY-NC,https://www.inaturalist.org/observations/127561274,https://inaturalist-open-data.s3.amazonaws.com/photos/216572855/medium.jpg,,"2022 Bahia & Minas Gerais, LM1347",,2,0,false,,"Buenópolis - State of Minas Gerais, 39230-000, Brazil",-17.922,-44.249,99,,,,99,,open,false,,,Arthrocereus rondonianus,Arthrocereus rondonianus,Mandacarim-esverdeado,Plantae,189494
127561275,30-06-22 11:21,30-06-22,2022-06-30 14:21:00 UTC,Brasilia,443108,mrtnlowr,Martin Lowry,2022-07-23 20:03:30 UTC,2022-12-07 18:28:59 UTC,research,CC-BY-NC,https://www.inaturalist.org/observations/127561275,https://inaturalist-open-data.s3.amazonaws.com/photos/216572914/medium.jpg,,"2022 Bahia & Minas Gerais, LM1347",,2,0,false,,"Minas Gerais, BR",-17.96510625,-44.32252685,99,,,,30699,,obscured,true,,,Cipocereus bradei,Cipocereus bradei,Tuna-de-fruto-azul,Plantae,184186
128686039,2022-07-20 16:59:17-03:00,20-07-22,2022-07-20 19:59:17 UTC,Brasilia,3839803,leticia_cavalcanti,Letícia Cavalcanti,2022-07-30 21:34:56 UTC,2023-03-21 17:05:44 UTC,research,,https://www.inaturalist.org/observations/128686039,https://static.inaturalist.org/photos/218606503/medium.jpg,,,,4,0,false,3,"Rio Paranaíba, MG, BR",-19.18672166,-46.234025,21,,,,21,,open,false,,,Discocactus catingicola,Discocactus catingicola,,Plantae,191671
128875842,30-06-22 11:34,30-06-22,2022-06-30 14:34:00 UTC,Brasilia,443108,mrtnlowr,Martin Lowry,2022-07-31 21:39:47 UTC,2023-03-14 22:20:39 UTC,research,CC-BY-NC,https://www.inaturalist.org/observations/128875842,https://inaturalist-open-data.s3.amazonaws.com/photos/218944033/medium.jpg,,"2022 Bahia & Minas Gerais, LM1347",,3,0,false,,"Buenópolis - State of Minas Gerais, 39230-000, Brazil",-17.922,-44.249,99,,,,99,,open,false,,,Discocactus placentiformis,Discocactus placentiformis,,Plantae,191674
132011743,23-08-22 10:32,23-08-22,2022-08-23 14:32:37 UTC,America/Cuiaba,6056257,heitorbispo11,Heitor Bispo,2022-08-23 14:36:04 UTC,2023-05-03 11:07:07 UTC,research,,https://www.inaturalist.org/observations/132011743,https://static.inaturalist.org/photos/224745938/medium.jpeg,,,,3,0,false,2,"Itiquira, MT, 78790-000, Brasil",-17.2010774,-54.1412567,128,,,,128,,open,false,,,Brasiliopuntia brasiliensis,Brasiliopuntia brasiliensis,Urumbeba,Plantae,184567
134412430,10-09-22 9:12,10-09-22,2022-09-10 12:12:17 UTC,Brasilia,769192,laurentfloresta,Laurent Quéno,2022-09-10 12:36:10 UTC,2023-04-10 23:02:44 UTC,research,,https://www.inaturalist.org/observations/134412430,https://static.inaturalist.org/photos/229107035/medium.jpeg,,,,3,0,false,2,"Cocalzinho de Goiás - Goiás, 72975-000, Brésil",-15.81291167,-48.77287833,5,,,,5,,open,false,,,Pilosocereus vilaboensis,Pilosocereus vilaboensis,Facheiro-amarelo,Plantae,442118
134798727,12-09-22 19:35,12-09-22,2022-09-12 23:35:07 UTC,America/Cuiaba,6064856,s_l2004,L,2022-09-12 23:47:38 UTC,2022-09-18 23:59:55 UTC,research,,https://www.inaturalist.org/observations/134798727,https://static.inaturalist.org/photos/229827551/medium.jpeg,,,,1,0,false,2,"Itiquira, MT, 78790-000, Brasil",-17.20588171,-54.14688829,1916,,,,1916,,open,false,gps,gps,lady-of-the-night cactus,Cereus hexagonus,Mandacaru-de-oito-costelas,Plantae,438215
135360546,17-09-22 9:14,17-09-22,2022-09-17 12:14:38 UTC,Brasilia,769192,laurentfloresta,Laurent Quéno,2022-09-17 12:22:58 UTC,2023-06-22 12:56:45 UTC,research,,https://www.inaturalist.org/observations/135360546,https://static.inaturalist.org/photos/230859258/medium.jpeg,,,,3,0,false,2,"Cocalzinho de Goiás - Goiás, 72975-000, Brésil",-15.81393833,-48.76206,1,,,,1,,open,false,,,Pilosocereus vilaboensis,Pilosocereus vilaboensis,Facheiro-amarelo,Plantae,442118
136348233,24-09-22 18:29,24-09-22,2022-09-24 22:29:00 UTC,America/Cuiaba,6004822,lucasvidotti,,2022-09-24 22:30:57 UTC,2022-09-25 10:31:17 UTC,research,CC-BY-NC,https://www.inaturalist.org/observations/136348233,https://inaturalist-open-data.s3.amazonaws.com/photos/232686078/medium.jpeg,,,,1,0,false,2,Itiquira,-17.20588171,-54.14688829,1494370,,,,1494370,,open,false,gps,gps,Brasiliopuntia brasiliensis,Brasiliopuntia brasiliensis,Urumbeba,Plantae,184567
136368368,16-09-22 15:36,16-09-22,2022-09-16 19:36:00 UTC,America/Cuiaba,6064856,s_l2004,L,2022-09-25 01:36:49 UTC,2023-05-03 15:50:12 UTC,research,,https://www.inaturalist.org/observations/136368368,https://static.inaturalist.org/photos/232726102/medium.jpeg,,,,2,0,false,2,"Itiquira, MT, 78790-000, Brasil",-17.20588171,-54.14688829,1916,,,,1916,,open,false,gps,gps,Brasiliopuntia brasiliensis,Brasiliopuntia brasiliensis,Urumbeba,Plantae,184567
136509332,25-09-22,25-09-22,,America/Cuiaba,6058789,helena457,Helena Martins Da Silva,2022-09-25 23:41:33 UTC,2023-02-07 23:06:20 UTC,research,,https://www.inaturalist.org/observations/136509332,https://static.inaturalist.org/photos/232988699/medium.jpeg,,,Cactoideae,2,0,false,2,"Itiquira - MT, 78790-000, Brasil",-17.44765272,-54.08317912,7,,,,7,,open,false,gps,gps,Cereus bicolor,Cereus bicolor,,Plantae,438210
137029576,17-09-22 13:51,17-09-22,2022-09-17 16:51:00 UTC,Brasilia,1851811,gafischer,Guilherme A. Fischer,2022-09-30 14:56:27 UTC,2023-02-07 22:59:20 UTC,research,CC-BY-NC,https://www.inaturalist.org/observations/137029576,https://inaturalist-open-data.s3.amazonaws.com/photos/233955854/medium.jpeg,,,,2,0,false,,"Mambaí - GO, Brasil",-14.4715814,-46.14528795,1413,,,,1413,,open,false,,,Mandacaru-de-calcário,Cereus jamacaru calcirupicola,Mandacaru-do-calcário,Plantae,418239
137029580,17-09-22 13:54,17-09-22,2022-09-17 16:54:00 UTC,Brasilia,1851811,gafischer,Guilherme A. Fischer,2022-09-30 14:56:28 UTC,2022-10-02 20:36:22 UTC,research,CC-BY-NC,https://www.inaturalist.org/observations/137029580,https://inaturalist-open-data.s3.amazonaws.com/photos/233956200/medium.jpeg,,,,2,0,false,,"Mambaí - GO, Brasil",-14.47178877,-46.14487342,1191,,,,1191,,open,false,,,Pilosocereus machrisii,Pilosocereus machrisii,Facheiro-do-cerrado,Plantae,442103
137129499,24-06-22 10:49,24-06-22,2022-06-24 14:49:00 UTC,America/Campo_Grande,379719,fcstraube,Fernando C. Straube,2022-10-01 11:00:20 UTC,2023-02-08 00:26:07 UTC,research,CC-BY-NC,https://www.inaturalist.org/observations/137129499,https://inaturalist-open-data.s3.amazonaws.com/photos/234145408/medium.jpg,,,,2,0,false,,"Bonito - MS, Brasil",-21.10108629,-56.72557079,419,,,,419,,open,false,,,Cereus bicolor,Cereus bicolor,,Plantae,438210
138281833,08-10-22 9:49,08-10-22,2022-10-08 12:49:01 UTC,Brasilia,6218825,viniciusdorea,Vinicius D. Oliveira,2022-10-10 17:45:01 UTC,2023-03-21 13:13:30 UTC,research,,https://www.inaturalist.org/observations/138281833,https://static.inaturalist.org/photos/236322629/medium.jpeg,,,,2,0,false,2,Morro do Forno,-21.09662424,-47.33555563,2024,,,,2024,,open,false,,,Pilosocereus machrisii,Pilosocereus machrisii,Facheiro-do-cerrado,Plantae,442103
138540707,2022-10-12 17:12:07-03:00,12-10-22,2022-10-12 20:12:07 UTC,Brasilia,6238718,pedro_augusto_janini_de_oliveira,,2022-10-12 20:12:36 UTC,2022-10-13 15:59:20 UTC,research,CC-BY-NC,https://www.inaturalist.org/observations/138540707,https://inaturalist-open-data.s3.amazonaws.com/photos/236813648/medium.jpg,,,,2,0,false,3,"Martinópolis, SP, BR",-22.24678614,-51.16326533,9,,,,9,,open,false,,,Praecereus euchlorus,Praecereus euchlorus,,Plantae,442577
138696184,13-10-22 22:18,13-10-22,2022-10-14 01:18:40 UTC,Brasilia,769192,laurentfloresta,Laurent Quéno,2022-10-14 08:30:51 UTC,2022-10-14 11:32:55 UTC,research,,https://www.inaturalist.org/observations/138696184,https://static.inaturalist.org/photos/237097291/medium.jpeg,,,,1,0,false,2,"Anápolis City, Anápolis - GO, 75096-270, Brésil",-16.326975,-48.9234883,,,,,,,open,false,gps,gps,Selenicereus setaceus,Selenicereus setaceus,Pitaya-tiú,Plantae,1038929
139113933,15-10-22 13:10,15-10-22,2022-10-15 16:10:00 UTC,Brasilia,1851811,gafischer,Guilherme A. Fischer,2022-10-17 13:54:23 UTC,2022-10-19 00:00:02 UTC,research,CC-BY-NC,https://www.inaturalist.org/observations/139113933,https://inaturalist-open-data.s3.amazonaws.com/photos/237874390/medium.jpeg,,,,2,0,false,,cachoeira couros,-14.277312,-47.759918,50,,,,50,,open,false,,,Facheiro-do-cerrado,Pilosocereus machrisii,Facheiro-do-cerrado,Plantae,442103
140912956,22-07-17 11:24,22-07-17,2017-07-22 14:24:00 UTC,Brasilia,3804333,julio236,Julio Campos,2022-11-02 21:01:47 UTC,2022-12-02 22:30:49 UTC,research,,https://www.inaturalist.org/observations/140912956,https://static.inaturalist.org/photos/241277985/medium.jpg,,,,2,0,false,,"Pirenópolis, GO, 72980-000, Brasil",-15.8521031,-48.9590795,2355,,,,2355,,open,false,,,Pilosocereus machrisii,Pilosocereus machrisii,Facheiro-do-cerrado,Plantae,442103
141498485,2022-11-08 17:02:52-03:00,08-11-22,2022-11-08 20:02:52 UTC,Brasilia,5611387,vitordematos12,,2022-11-09 00:42:50 UTC,2022-12-11 18:11:57 UTC,research,CC-BY-NC,https://www.inaturalist.org/observations/141498485,https://inaturalist-open-data.s3.amazonaws.com/photos/242426456/medium.jpg,,,,1,0,false,3,"Arinos, BR-MG, BR",-15.62705684,-45.86083587,16,,,,30870,obscured,obscured,true,,,Cereus mirabella,Cereus mirabella,Mandacaru-de-Mirabela,Plantae,190472
142399354,2022-11-19 13:24:38-03:00,19-11-22,2022-11-19 16:24:38 UTC,America/Araguaina,3462207,pedroalvaro,Pedro Alvaro Neves,2022-11-19 21:55:56 UTC,2022-12-01 11:12:31 UTC,research,CC-BY-NC,https://www.inaturalist.org/observations/142399354,https://inaturalist-open-data.s3.amazonaws.com/photos/244119212/medium.jpg,,,,1,0,false,3,"Tocantins, BR",-10.0658488,-46.87674919,9,,,,31208,,obscured,true,,,Cereus mirabella,Cereus mirabella,Mandacaru-de-Mirabela,Plantae,190472
143190934,07-10-22 18:33,07-10-22,2022-10-07 22:33:00 UTC,America/Cuiaba,50445,nicoolejnik,Nicolas Olejnik,2022-11-28 17:29:08 UTC,2023-04-09 13:17:23 UTC,research,CC-BY-NC,https://www.inaturalist.org/observations/143190934,https://inaturalist-open-data.s3.amazonaws.com/photos/245547721/medium.jpeg,,,,2,0,false,,"Cuiabá - Mato Grosso, Brasil",-15.40862986,-55.83211683,28,,,,28,,open,false,,,Arthrocereus spinosissimus,Arthrocereus spinosissimus,Mandacarim-espinhoso,Plantae,437302
143330024,29-11-22 18:22,29-11-22,2022-11-29 22:22:39 UTC,America/Campo_Grande,2118392,ccostah,Henrique C. Costa,2022-11-30 05:11:46 UTC,2022-11-30 15:02:03 UTC,research,CC-BY-NC,https://www.inaturalist.org/observations/143330024,https://inaturalist-open-data.s3.amazonaws.com/photos/245795814/medium.jpeg,,,,2,0,false,2,"Porto Murtinho - MS, Brasil",-21.692588,-57.73719897,,,,,,,open,false,gps,gps,Echinopsis rhodotricha,Echinopsis rhodotricha,,Plantae,438596
143330143,29-11-22 18:16,29-11-22,2022-11-29 22:16:18 UTC,America/Campo_Grande,2118392,ccostah,Henrique C. Costa,2022-11-30 05:12:56 UTC,2022-11-30 15:01:59 UTC,research,CC-BY-NC,https://www.inaturalist.org/observations/143330143,https://inaturalist-open-data.s3.amazonaws.com/photos/245795948/medium.jpeg,,,,2,0,false,2,"Porto Murtinho - MS, Brasil",-21.69311897,-57.73707697,,,,,,,open,false,gps,gps,Echinopsis rhodotricha,Echinopsis rhodotricha,,Plantae,438596
143330268,29-11-22 18:08,29-11-22,2022-11-29 22:08:15 UTC,America/Campo_Grande,2118392,ccostah,Henrique C. Costa,2022-11-30 05:15:28 UTC,2023-02-07 23:17:38 UTC,research,CC-BY-NC,https://www.inaturalist.org/observations/143330268,https://inaturalist-open-data.s3.amazonaws.com/photos/245796203/medium.jpeg,,,,3,0,false,2,"Porto Murtinho - MS, Brasil",-21.69350597,-57.737067,,,,,,,open,false,gps,gps,Cereus stenogonus,Cereus stenogonus,Mandacaru-de-fruto-alaranjado,Plantae,438225
143330330,29-11-22 19:06,29-11-22,2022-11-29 23:06:50 UTC,America/Campo_Grande,2118392,ccostah,Henrique C. Costa,2022-11-30 05:16:26 UTC,2023-02-07 23:21:26 UTC,research,CC-BY-NC,https://www.inaturalist.org/observations/143330330,https://inaturalist-open-data.s3.amazonaws.com/photos/245796273/medium.jpeg,,,,2,0,false,2,"Porto Murtinho - MS, Brasil",-21.693338,-57.737087,,,,,,,open,false,gps,gps,Cereus stenogonus,Cereus stenogonus,Mandacaru-de-fruto-alaranjado,Plantae,438225
143459306,02-11-22 9:32,02-11-22,2022-11-02 13:32:08 UTC,America/Campo_Grande,5348862,mariahvecchi,Mariah Vecchi,2022-12-01 23:26:57 UTC,2023-05-15 00:16:45 UTC,research,,https://www.inaturalist.org/observations/143459306,https://static.inaturalist.org/photos/246032208/medium.jpeg,,,,3,0,false,2,"Jupiá, Três Lagoas - MS, Brasil",-20.7514885,-51.65702686,115,,,,115,,open,false,,,Praecereus euchlorus,Praecereus euchlorus,,Plantae,442577
143657607,2022-12-04 14:44:38-03:00,04-12-22,2022-12-04 17:44:38 UTC,Brasilia,5096141,rafael_correia,Rafael Correia,2022-12-04 17:44:58 UTC,2023-02-06 13:15:50 UTC,research,,https://www.inaturalist.org/observations/143657607,https://static.inaturalist.org/photos/246409754/medium.jpg,,,,2,0,false,3,"Hidrolândia, GO, BR",-16.91719215,-49.22653235,223,,,,223,,open,false,,,Cereus hildmannianus hildmannianus,Cereus hildmannianus hildmannianus,,Plantae,1058836
143886495,2022-11-16 11:14:00-03:00,16-11-22,2022-11-16 14:14:00 UTC,America/Araguaina,3462207,pedroalvaro,Pedro Alvaro Neves,2022-12-07 20:05:39 UTC,2023-03-21 16:50:10 UTC,research,CC-BY-NC,https://www.inaturalist.org/observations/143886495,https://inaturalist-open-data.s3.amazonaws.com/photos/246844893/medium.jpg,,,,3,0,false,3,"Ponte Alta Do Tocantins, TO, BR",-10.87684721,-47.38576079,22,,,,22,,open,false,,,Pilosocereus pusillibaccatus,Pilosocereus pusillibaccatus,,Plantae,442113
144062660,17-04-10,17-04-10,,America/Cuiaba,405549,anschieber,anschieber,2022-12-10 09:39:36 UTC,2023-04-08 18:50:40 UTC,research,CC-BY-NC,https://www.inaturalist.org/observations/144062660,https://inaturalist-open-data.s3.amazonaws.com/photos/247182649/medium.jpeg,,,,2,0,false,2,Parque Nacional da Chapada dos Guimarães,-15.40443337,-55.82891397,209,,,,209,,open,false,,,Arthrocereus spinosissimus,Arthrocereus spinosissimus,Mandacarim-espinhoso,Plantae,437302
146782832,30-12-17 11:21,30-12-17,2017-12-30 13:21:00 UTC,Brasilia,1282682,cernawsky,Ericson Cernawsky Igual,2023-01-17 21:20:03 UTC,2023-01-18 15:58:19 UTC,research,CC-BY-NC,https://www.inaturalist.org/observations/146782832,https://inaturalist-open-data.s3.amazonaws.com/photos/252428369/medium.jpeg,,,,2,0,false,,"Minas Gerais, BR",-15.03384043,-44.33812875,,,,,30913,,obscured,true,,,Jamacaru-lanoso,Pilosocereus densiareolatus,Jamacaru-lanoso,Plantae,442092
146958305,22-07-19 16:07,22-07-19,2019-07-22 19:07:00 UTC,Brasilia,1282682,cernawsky,Ericson Cernawsky Igual,2023-01-20 14:31:10 UTC,2023-03-01 16:56:48 UTC,research,CC-BY-NC,https://www.inaturalist.org/observations/146958305,https://inaturalist-open-data.s3.amazonaws.com/photos/252781841/medium.jpeg,,,,1,0,false,,"Pedras de Maria da Cruz - MG, Brasil",-15.6061845,-44.2236796,244,,,,244,,open,false,,,Melocactus levitestatus,Melocactus levitestatus,,Plantae,440359
147694597,2023-01-30 09:27:26-03:00,30-01-23,2023-01-30 12:27:26 UTC,Brasilia,3462207,pedroalvaro,Pedro Alvaro Neves,2023-01-30 13:00:13 UTC,2023-01-31 14:33:16 UTC,research,CC-BY-NC,https://www.inaturalist.org/observations/147694597,https://inaturalist-open-data.s3.amazonaws.com/photos/254190723/medium.jpg,,,,2,0,false,3,"Rua Presidente Vargas, Americana, SP, BR",-22.74248667,-47.330605,5,,,,5,,open,false,,,Lepismium cruciforme,Lepismium cruciforme,Canambaia,Plantae,439586
148762475,Tue Feb 14 2023 12:04:16 GMT -0300 (GMT),14-02-23,2023-02-14 15:04:16 UTC,Brasilia,5354589,najualb,,2023-02-14 15:06:56 UTC,2023-02-15 18:27:48 UTC,research,CC-BY-NC,https://www.inaturalist.org/observations/148762475,https://inaturalist-open-data.s3.amazonaws.com/photos/256238504/medium.jpeg,,,,1,0,false,333,Brasília,-15.65559101,-47.85732651,35,,,,35,,open,false,,,Cola de caballo,Rhipsalis baccifera,Cacto-macarrão,Plantae,119900
150146810,06-02-23 1:33,06-02-23,2023-02-06 05:33:00 UTC,America/Cuiaba,1377941,arturcuca_avisteiali,Artur Luiz,2023-03-03 19:12:54 UTC,2023-04-12 23:36:44 UTC,research,,https://www.inaturalist.org/observations/150146810,https://static.inaturalist.org/photos/258841013/medium.jpg,,,,4,0,false,,"Chapada dos Guimarães, MT, Brasil",-15.46208,-55.7483937,3560,,,,3560,,open,false,,,Arthrocereus spinosissimus,Arthrocereus spinosissimus,Mandacarim-espinhoso,Plantae,437302
150995554,31-01-23 7:39,31-01-23,2023-01-31 10:39:01 UTC,America/Bahia,3916148,tunasdelsur,Matias Köhler,2023-03-13 01:32:06 UTC,2023-04-08 18:00:16 UTC,research,,https://www.inaturalist.org/observations/150995554,https://static.inaturalist.org/photos/260463009/medium.jpeg,,,,3,0,false,2,"Bahia, BR",-13.99766656,-46.10165655,,"Correntina - BA, Brasil",-13.96601897,-46.19225997,30994,obscured,obscured,true,gps,gps,Pilosocereus parvus,Pilosocereus parvus,Xique-xique-anão,Plantae,442109
150996207,31-01-23 7:19,31-01-23,2023-01-31 10:19:05 UTC,America/Bahia,3916148,tunasdelsur,Matias Köhler,2023-03-13 01:40:19 UTC,2023-04-08 17:58:19 UTC,research,,https://www.inaturalist.org/observations/150996207,https://static.inaturalist.org/photos/260464266/medium.jpeg,,,,2,0,false,2,"Bahia, BR",-13.84603231,-46.19583931,,"Correntina - BA, Brasil",-13.965721,-46.192185,30994,obscured,obscured,true,gps,gps,Cereus mirabella,Cereus mirabella,Mandacaru-de-Mirabela,Plantae,190472
151236642,15-03-23 12:11,15-03-23,2023-03-15 15:11:21 UTC,Brasilia,1095247,michelotto,Alexandre S. Michelotto,2023-03-15 20:05:37 UTC,2023-05-04 13:57:21 UTC,research,CC-BY-SA,https://www.inaturalist.org/observations/151236642,https://inaturalist-open-data.s3.amazonaws.com/photos/261112157/medium.jpeg,,,,1,0,false,2,"Goiás, BR",-17.62938116,-48.77493573,,,,,30716,,obscured,true,,,Discocactus diersianus,Discocactus diersianus,,Plantae,438503
151875338,15-10-16 16:03,15-10-16,2016-10-15 18:03:23 UTC,Brasilia,9421,mauricio_mercadante,Mauricio Mercadante,2023-03-21 22:43:08 UTC,2023-03-29 10:18:42 UTC,research,CC-BY-NC-SA,https://www.inaturalist.org/observations/151875338,https://inaturalist-open-data.s3.amazonaws.com/photos/262115371/medium.jpg,,"taxonomy:binomial=Discocactus heptacanthus, Discocactus heptacanthus, Discocactus, CACTACEAE, Chapada dos Veadeiros","<b><i>Discocactus heptacanthus</i></b> (Rodrigues) Britton &amp; Rose L.B.Sm.
CACTACEAE

Local: Parque Nacional da Chapada dos Veadeiros, Alto Paraíso, Goiás, Brasil.

Domínio fitogeográfico: Cerrado. Tipo de Vegetação: Carrasco, Cerrado (lato sensu), Floresta Estacional Semidecidual, Vegetação Sobre Afloramentos Rochosos

Ref.: Rede speciesLink (splink.org.br) + Flora do Brasil 2010 (floradobrasil.jbrj.gov.br)
 ",2,1,false,,"Goiás, BR",-14.01687667,-47.6314199,,,,,30981,,obscured,true,,,Discocactus heptacanthus,Discocactus heptacanthus,,Plantae,191672
152034592,2022-09-29 09:17:41-04:00,29-09-22,2022-09-29 13:17:41 UTC,America/Campo_Grande,6579262,pkondrashov,,2023-03-23 15:17:50 UTC,2023-04-08 17:39:08 UTC,research,CC-BY-NC,https://www.inaturalist.org/observations/152034592,https://inaturalist-open-data.s3.amazonaws.com/photos/262407266/medium.jpg,,,,2,0,false,3,"Bonito, MS, BR",-20.98543333,-56.517045,3,,,,3,,open,false,,,Catibeba-do-pantanal,Echinopsis calochlora,Catibeba-do-pantanal,Plantae,327668
152373684,26-03-23 11:14,26-03-23,2023-03-26 14:14:51 UTC,Brasilia,3967302,rsecolin,Rodrigo Secolin,2023-03-26 14:48:35 UTC,2023-03-29 09:23:54 UTC,research,CC-BY-NC,https://www.inaturalist.org/observations/152373684,https://inaturalist-open-data.s3.amazonaws.com/photos/263034039/medium.jpeg,,,,1,0,false,2,"Mogi Mirim, SP, Brasil",-22.42611067,-46.95519391,17,,,,17,,open,false,gps,gps,Lepismium cruciforme,Lepismium cruciforme,Canambaia,Plantae,439586
152778003,27-09-17 12:07,27-09-17,2017-09-27 15:07:10 UTC,Brasilia,9421,mauricio_mercadante,Mauricio Mercadante,2023-03-29 23:03:20 UTC,2023-04-23 12:43:53 UTC,research,CC-BY-NC-SA,https://www.inaturalist.org/observations/152778003,https://inaturalist-open-data.s3.amazonaws.com/photos/263778814/medium.jpg,,"taxonomy:binomial=Pilosocereus machrisii, Pilosocereus machrisii, Pilosocereus, CACTACEAE, Parque Nacional da Chapada dos Veadeiros, Chapada dos Veadeiros, Excursão JBB Roberta Chacon","<b><i>Pilosocereus machrisii</i></b> (E.Y. Dawson) Backeb.
CACTACEAE

Local: Parque Nacional da Chapada dos Veadeiros, Alto Paraíso, Goiás, Brasil.

Domínio fitogeográfico: Cerrado. Tipo de Vegetação: Campo Rupestre, Carrasco, Cerrado (lato sensu)

Ref.: Rede speciesLink (splink.org.br) + Flora do Brasil 2010 (floradobrasil.jbrj.gov.br)

",4,0,false,,"Parque Nacional da Chapada dos Veadeiros, Alto Paraíso, Goiás, Brasil.",-14.038866,-47.622971,,,,,,,open,false,,,Facheiro-do-cerrado,Pilosocereus machrisii,Facheiro-do-cerrado,Plantae,442103
153094018,2023-04-01 15:07:54-03:00,01-04-23,2023-04-01 18:07:54 UTC,Brasilia,6600005,severuswild,jtsevero,2023-04-01 21:23:00 UTC,2023-04-09 00:04:06 UTC,research,,https://www.inaturalist.org/observations/153094018,https://static.inaturalist.org/photos/264371668/medium.jpg,,,,1,0,false,3,"Alto Paraíso De Goiás, GO, BR",-14.24713833,-47.62751333,17,,,,17,,open,false,,,Facheiro-amarelo,Pilosocereus vilaboensis,Facheiro-amarelo,Plantae,442118
153516605,24-03-23 9:02,24-03-23,2023-03-24 12:02:00 UTC,Brasilia,4220671,mariosoares,,2023-04-05 01:23:49 UTC,2023-04-08 14:02:13 UTC,research,CC-BY-NC,https://www.inaturalist.org/observations/153516605,https://inaturalist-open-data.s3.amazonaws.com/photos/265155755/medium.jpeg,,,,2,0,false,,"Parque Res. Sthalberg, Limeira - SP, 13480, Brasil",-22.57287769,-47.42001628,4,,,,4,,open,false,,,Night-blooming Cereus,Selenicereus undatus,Rainha-da-noite,Plantae,1038928
155963903,15-11-07 10:29,15-11-07,2007-11-15 12:29:04 UTC,Brasilia,6668870,alexandrecurcino,Alexandre Curcino,2023-04-21 22:48:29 UTC,2023-04-23 19:13:21 UTC,research,,https://www.inaturalist.org/observations/155963903,https://static.inaturalist.org/photos/269642385/medium.jpeg,,,,2,0,false,2,Parque Estadual dos Pireneus,-15.7920529,-48.83615032,190,,,,190,,open,false,,,Facheiro-amarelo,Pilosocereus vilaboensis,Facheiro-amarelo,Plantae,442118
158382547,2023-04-30 17:19:58-03:00,30-04-23,2023-04-30 20:19:58 UTC,Brasilia,2356727,lyja_,Lygia,2023-05-01 00:01:58 UTC,2023-05-02 15:40:17 UTC,research,CC-BY-NC,https://www.inaturalist.org/observations/158382547,https://inaturalist-open-data.s3.amazonaws.com/photos/273731519/medium.jpg,,,,3,0,false,3,"Campos Gerais National Park, Ponta Grossa, PR, BR",-25.17349679,-49.96852462,228,,,,228,,open,false,,,Parodia carambeiensis,Parodia carambeiensis,,Plantae,441685
160172638,06-05-23 15:47,06-05-23,2023-05-06 18:47:30 UTC,Brasilia,2497522,rafapsilva,Rafael Silva,2023-05-06 21:57:02 UTC,2023-05-07 11:34:55 UTC,research,CC-BY-NC,https://www.inaturalist.org/observations/160172638,https://inaturalist-open-data.s3.amazonaws.com/photos/276769929/medium.jpeg,,,"Os Cactos estavam em um local de canga próximo a local antrópizado, sepadado apenas por uma cerca da urbanização. Era um local que não se sabia que ainda resistiram!",2,0,false,2,"Aeroporto Municipal - Rio Paranaíba, MG, 38810-000, Brasil",-19.20357911,-46.2506346,770,,,,770,,open,false,gps,gps,Discocactus catingicola,Discocactus catingicola,,Plantae,191671
160226826,2023-05-06 15:47:48-03:00,06-05-23,2023-05-06 18:47:48 UTC,Brasilia,3839803,leticia_cavalcanti,Letícia Cavalcanti,2023-05-07 02:57:10 UTC,2023-05-07 11:24:52 UTC,research,,https://www.inaturalist.org/observations/160226826,https://static.inaturalist.org/photos/276870244/medium.jpg,,,,2,0,false,3,"Rio Paranaíba, MG, BR",-19.19568248,-46.25300752,172,,,,172,,open,false,,,Discocactus catingicola,Discocactus catingicola,,Plantae,191671
162001766,25-10-22 9:37,25-10-22,2022-10-25 12:37:55 UTC,Brasilia,6867136,lopsc,Lops,2023-05-16 17:20:34 UTC,2023-05-17 19:05:43 UTC,research,,https://www.inaturalist.org/observations/162001766,https://static.inaturalist.org/photos/280069607/medium.jpeg,,,,3,0,false,2,"Rodovia BR 230 KM 7 - Rio Paranaíba, MG, 38810-000, Brasil",-19.22169194,-46.22395232,144,,,,144,,open,false,gps,gps,Discocactus catingicola,Discocactus catingicola,,Plantae,191671
164283842,2023-05-21 09:33:15-03:00,21-05-23,2023-05-21 12:33:15 UTC,Brasilia,6185855,anna_clara5,Anna Clara Dutra Camara,2023-05-28 20:26:18 UTC,2023-06-08 14:35:27 UTC,research,,https://www.inaturalist.org/observations/164283842,https://static.inaturalist.org/photos/287866294/medium.jpg,,,,2,0,false,3,"Parque Nacional da Chapada dos Veadeiros, Alto Paraíso De Goiás, GO, BR",-14.16859667,-47.82436167,4,,,,4,,open,false,,,Discocactus catingicola,Discocactus catingicola,,Plantae,191671
164722280,17-02-13 11:23,17-02-13,2013-02-17 14:23:00 UTC,Brasilia,694240,yoannisd,Yoannis Domínguez,2023-05-30 23:57:58 UTC,2023-05-31 17:31:33 UTC,research,CC-BY-NC,https://www.inaturalist.org/observations/164722280,https://inaturalist-open-data.s3.amazonaws.com/photos/285040975/medium.jpeg,,,,1,0,false,,"Minas Gerais, BR",-20.25893014,-46.48545352,488,,,,30490,,obscured,true,,,Arthrocereus melanurus,Arthrocereus melanurus,Mandacarim-melancólico,Plantae,189493
164788107,2023-05-31 08:28:25-03:00,31-05-23,2023-05-31 11:28:25 UTC,America/Fortaleza,6970397,admasousa,,2023-05-31 11:30:51 UTC,2023-05-31 17:12:12 UTC,research,CC-BY-NC,https://www.inaturalist.org/observations/164788107,https://inaturalist-open-data.s3.amazonaws.com/photos/285168116/medium.jpg,,,,1,0,false,3,"Rua Francisco Urquiza Machado, Floriano, PI, BR",-6.78889183,-43.04249435,4,,,,4,,open,false,,,Queen-of-the-night,Cereus jamacaru,Mandacaru,Plantae,418237
164791721,2023-05-31 08:24:02-03:00,31-05-23,2023-05-31 11:24:02 UTC,America/Fortaleza,6970411,noemyfreitas12,,2023-05-31 12:08:00 UTC,2023-06-01 17:07:10 UTC,research,CC-BY-NC,https://www.inaturalist.org/observations/164791721,https://inaturalist-open-data.s3.amazonaws.com/photos/285175020/medium.jpg,,,,3,1,false,3,"Meladao, Floriano, PI, BR",-6.789779354,-43.04301807,85,,,,85,,open,false,,,Cereus jamacaru jamacaru,Cereus jamacaru jamacaru,Mandacaru,Plantae,418238
165788768,30-06-12 16:18,30-06-12,2012-06-30 19:18:00 UTC,Brasilia,694240,yoannisd,Yoannis Domínguez,2023-06-05 21:01:59 UTC,2023-06-06 15:53:36 UTC,research,CC-BY-NC,https://www.inaturalist.org/observations/165788768,https://inaturalist-open-data.s3.amazonaws.com/photos/287020215/medium.jpeg,,,,2,0,false,,"Brotas - State of São Paulo, 17380-000, Brazil",-22.40906741,-48.03151742,488,,,,488,,open,false,,,Praecereus euchlorus,Praecereus euchlorus,,Plantae,442577
166233152,21-07-08,21-07-08,,Brasilia,1831721,lucaskaminski,Lucas Kaminski,2023-06-08 12:51:59 UTC,2023-06-08 16:42:06 UTC,research,,https://www.inaturalist.org/observations/166233152,https://static.inaturalist.org/photos/287844643/medium.jpeg,,,,1,0,false,,"São João Batista do Glória - MG, 37920-000, Brasil",-20.54961353,-46.42303283,1777,,,,1777,,open,false,,,Pilosocereus machrisii,Pilosocereus machrisii,Facheiro-do-cerrado,Plantae,442103
167383643,15-04-23 10:10,15-04-23,2023-04-15 13:10:12 UTC,America/Bahia,7034707,asteralles,João Victor,2023-06-14 16:20:17 UTC,2023-07-02 16:34:58 UTC,research,CC-BY-NC,https://www.inaturalist.org/observations/167383643,https://inaturalist-open-data.s3.amazonaws.com/photos/289956705/medium.jpeg,,,,2,0,false,2,"Ibiraba, Barra - BA, Brasil",-10.73319599,-42.9497657,333,,,,333,,open,false,gps,gps,Arrojadoa penicillata,Arrojadoa penicillata,Rabo-de-raposa-da-Bahia,Plantae,437300
167824871,20-08-22,20-08-22,,Brasilia,7022477,caiodollis,Caio Dollis,2023-06-17 04:59:37 UTC,2023-07-06 08:47:52 UTC,research,,https://www.inaturalist.org/observations/167824871,https://static.inaturalist.org/photos/290777442/medium.jpeg,,,,1,0,false,2,"Mossâmedes - GO, 76150-000, Brasil",-16.0746724,-50.1751617,457,,,,457,,open,false,gps,gps,Pilosocereus vilaboensis,Pilosocereus vilaboensis,Facheiro-amarelo,Plantae,442118
167824889,20-08-22,20-08-22,,Brasilia,7022477,caiodollis,Caio Dollis,2023-06-17 04:59:49 UTC,2023-07-02 17:00:59 UTC,research,,https://www.inaturalist.org/observations/167824889,https://static.inaturalist.org/photos/290777481/medium.jpeg,,,,1,0,false,2,"Serra Dourada, Serra Dourada, Mossâmedes, BR-GO, BR",-16.07489405,-50.17519053,298,,,,298,,open,false,gps,gps,Pilosocereus vilaboensis,Pilosocereus vilaboensis,Facheiro-amarelo,Plantae,442118
169369273,22-06-23 11:16,22-06-23,2023-06-22 14:16:09 UTC,Brasilia,2956565,luanmazzeo,Luan Mazzeo,2023-06-25 12:52:16 UTC,2023-06-27 01:09:01 UTC,research,CC-BY-NC-ND,https://www.inaturalist.org/observations/169369273,https://static.inaturalist.org/photos/293627482/medium.jpeg,,,,2,0,false,2,Parque Vila Velha,-25.2495628,-50.01455203,199,,,,199,,open,false,gps,gps,Parodia carambeiensis,Parodia carambeiensis,,Plantae,441685
169594971,24-06-23 11:54,24-06-23,2023-06-24 14:54:00 UTC,Brasilia,6336431,fabiobabi,FabioBabi,2023-06-26 15:14:05 UTC,2023-07-05 10:54:41 UTC,research,,https://www.inaturalist.org/observations/169594971,https://static.inaturalist.org/photos/294043679/medium.jpg,,,,1,0,false,,"Botucatu, SP, Brasil",-22.8873233,-48.444658,15793,,,,15793,,open,false,,,Andes organ pipe cactus,Cereus hildmannianus,Mandacaru-de-fruto-amarelo,Plantae,327664
170375251,23-06-23 11:07,23-06-23,2023-06-23 14:07:57 UTC,Brasilia,2497522,rafapsilva,Rafael Silva,2023-07-01 01:50:12 UTC,2023-07-02 16:49:58 UTC,research,CC-BY-NC,https://www.inaturalist.org/observations/170375251,https://inaturalist-open-data.s3.amazonaws.com/photos/295492790/medium.jpeg,,,,1,0,false,2,Parque Nacional da Chapada dos Veadeiros,-14.03885111,-47.62297142,13216,,,,13216,,open,false,gps,gps,Discocactus catingicola,Discocactus catingicola,,Plantae,191671
